
INSERT INTO PRODUCT (IDPRODUCT, TENPRODUCT, LOAI, CHATLIEU, GIATIEN, SOLUONGTRONGKHO, DANHGIA, TINHTRANG)
VALUES('MFDTCA701.N09','Bàn Ăn Gỗ Cao Su Tự Nhiên MOHO VLINE 601 Màu Gỗ Tự Nhiên (90cm)','Bàn ăn','Gỗ',2490000,65,'0','Còn hàng'),
('MFDTCA701.B09','Bàn Ăn Gỗ Cao Su Tự Nhiên MOHO VLINE 601 Màu Nâu (90cm)','Bàn ăn','Gỗ',2490000,76,'4','Còn hàng'),
('MFDTCA703.B16','Bàn Ăn Gỗ Tràm MOHO MALAGA 301 (Màu Nâu)','Bàn ăn','Gỗ',3490000,43,'2','Còn hàng'),
('MFDTCA702.N16','Bàn Ăn Gỗ Sồi MOHO MILAN 901 (Màu Gỗ Tự Nhiên)','Bàn ăn','Gỗ',3490000,37,'1','Còn hàng'),
('MFDTCA801.N18','Bàn Ăn Gỗ Sồi MOHO VERONA 901 (1m8)','Bàn ăn','Gỗ',3790000,88,'2','Còn hàng'),
('MFDTCA701.B16','Bàn Ăn Gỗ Cao Su Tự Nhiên MOHO VLINE 601 Màu Nâu','Bàn ăn','Gỗ',3190000,2,'1','Còn hàng'),
('MFDTCA701.N16','Bàn Ăn Gỗ Cao Su Tự Nhiên MOHO VLINE 601 Màu Gỗ Tự Nhiên','Bàn ăn','Gỗ',3190000,85,'1','Còn hàng'),
('MFDTCA601.W15','Bàn Ăn Gỗ Sồi MOHO BOSTON 901 (1m5)','Bàn ăn','Gỗ',3490000,7,'0','Còn hàng'),
('MFDTCA501.G15','Bàn Ăn Gỗ Tràm MOHO MALAGA 302 (1m5)','Bàn ăn','Gỗ',2290000,88,'4','Còn hàng'),
('MFDTCA501.G12','Bàn Ăn Gỗ Tràm MOHO MALAGA 302 (1m2)','Bàn ăn','Gỗ',1990000,53,'0','Còn hàng'),
('MFDTBJN01.1014','Bàn Ăn Gỗ Cao Su MOHO OSLO 601','Bàn ăn','Gỗ',2490000,43,'3','Còn hàng'),
('SETMDFDTCA701.N16.07','Bộ Bàn Ăn 2 Ghế Gỗ Cao Su Tự Nhiên MOHO VLINE 601 Màu Gỗ Tự Nhiên (90cm)','Bộ bàn ăn','Gỗ',4088000,11,'3','Còn hàng'),
('SETMDFDTCA701.B16.07','Bộ Bàn Ăn 2 Ghế Gỗ Cao Su Tự Nhiên MOHO VLINE 601 Màu Nâu (90cm)','Bộ bàn ăn','Gỗ',4088000,70,'2','Còn hàng'),
('SETMFDTCA601.W15.01','Bộ Bàn Ăn 2 băng ngồi Gỗ Sồi MOHO BOSTON 901','Bộ bàn ăn','Gỗ',6470000,91,'0','Còn hàng'),
('SETMDFDTCA701.B16.01','Bộ Bàn Ăn 4 Ghế Gỗ Cao Su Tự Nhiên MOHO VLINE 601 Màu Nâu','Bộ bàn ăn','Gỗ',6386000,82,'3','Còn hàng'),
('SETMDFDTCA701.B16.03','Bộ Bàn Ghế Ăn 4 Chỗ Gỗ Cao Su Tự Nhiên MOHO VLINE 601 Màu Nâu (Băng Tựa)','Bộ bàn ăn','Gỗ',6778000,32,'4','Còn hàng'),
('SETMDFDTCA701.N16.03','Bộ Bàn Ghế Ăn 4 Chỗ Gỗ Cao Su Tự Nhiên MOHO VLINE 601 Màu Gỗ (Băng Tựa)','Bộ bàn ăn','Gỗ',6778000,45,'2','Còn hàng'),
('SETMDFDTCA701.N16.01','Bộ Bàn Ăn 4 Ghế Gỗ Cao Su Tự Nhiên MOHO VLINE 601 Màu Gỗ Tự Nhiên','Bộ bàn ăn','Gỗ',6386000,39,'0','Còn hàng'),
('SETMFDTCA702.N16','Bộ Bàn Ăn 4 Ghế Gỗ Sồi MOHO MILAN 901 (Màu Gỗ Tự Nhiên)','Bộ bàn ăn','Gỗ',6686000,87,'1','Còn hàng'),
('SETMFDTBJN01.1014','Bộ Bàn Ăn 4 Ghế Gỗ Cao Su MOHO OSLO 601','Bộ bàn ăn','Gỗ',5686000,18,'3','Còn hàng'),
('SETMFDTCA801.N18.02','Bộ Bàn Ăn 6 Ghế Gỗ Sồi MOHO VERONA 901','Bộ bàn ăn','Gỗ',8584000,52,'0','Còn hàng'),
('SETMFDTCA801.N18.01','Bộ Bàn Ăn 4 Ghế Gỗ Sồi MOHO VERONA 901','Bộ bàn ăn','Gỗ',6986000,34,'2','Còn hàng'),
('SETMDFDTCA701.B16.04','Bộ Bàn Ăn Gỗ Cao Su Tự Nhiên MOHO VLINE 601 Màu Nâu (Kèm 2 Ghế Băng Dài)','Bộ bàn ăn','Gỗ',6670000,85,'4','Còn hàng'),
('SETMDFDTCA701.N16.04','Bộ Bàn Ăn Gỗ Cao Su Tự Nhiên MOHO VLINE 601 Màu Gỗ (Kèm 2 Ghế Băng Dài)','Bộ bàn ăn','Gỗ',6670000,62,'2','Còn hàng'),
('MFSTCA804.N09','Bàn Sofa – Bàn Cafe – Bàn Trà Gỗ Sồi MOHO VERONA 901','Bàn sofa','Gỗ',1490000,40,'2','Còn hàng'),
('MFSTCA803.G07-1','Set 2 Bàn Sofa – Bàn Cafe – Bàn Trà Gỗ Cao Su MOHO VERONA 801 (Trắng & Xám Xanh)','Bàn sofa','Gỗ',1148000,23,'0','Còn hàng'),
('MFSTCA801.W06','Bàn Sofa – Bàn Cafe – Bàn Trà Gỗ Cao Su MOHO VERONA 801 (Trắng)','Bàn sofa','Gỗ',549000,79,'0','Còn hàng'),
('MFSTCA802.G07','Bàn Sofa – Bàn Cafe – Bàn Trà Gỗ Cao Su MOHO VERONA 801 (Xám Xanh)','Bàn sofa','Gỗ',599000,44,'0','Còn hàng'),
('MFSTCA803.N06','Bàn Sofa – Bàn Cafe – Bàn Trà Gỗ Cao Su MOHO VERONA 802','Bàn sofa','Gỗ',599000,66,'1','Còn hàng'),
('MFSTCA604.N09','Bàn Sofa – Bàn Cafe – Bàn Trà Gỗ Sồi MOHO MILAN 901','Bàn sofa','Gỗ',2790000,79,'3','Còn hàng'),
('MFSTCA603.B10','Bàn Sofa – Bàn Cafe – Bàn Trà Gỗ Thông MOHO VLINE 501 (Nâu)','Bàn sofa','Gỗ',1790000,26,'2','Còn hàng'),
('MFSTCA602.N05-N07','Set 2 Bàn Sofa – Bàn Cafe – Bàn Trà Tròn Gỗ Sồi MOHO OSLO 901','Bàn sofa','Gỗ',2089000,13,'1','Còn hàng'),
('MFSTCA601.N07','Bàn Sofa – Bàn Cafe – Bàn Trà Tròn Gỗ Sồi MOHO OSLO 901','Bàn sofa','Gỗ',1290000,15,'1','Còn hàng'),
('MFSTCA606.N09','Bàn Sofa – Bàn Cafe – Bàn Trà Gỗ Sồi MOHO MILAN 902','Bàn sofa','Gỗ',1990000,53,'3','Còn hàng'),
('MFSTCA602.N05','Bàn Sofa – Bàn Cafe Tròn Gỗ Sồi MOHO OSLO 901','Bàn sofa','Gỗ',799000,54,'0','Còn hàng'),
('MFSTCA501.N09','Bàn Sofa – Bàn Cafe – Bàn Trà Gỗ MOHO VIENNA 201','Bàn sofa','Gỗ',1290000,35,'1','Còn hàng'),
('MFSTCA201.G10','Bàn Sofa – Bàn Cafe – Bàn Trà Gỗ Sồi MOHO BOSTON 901','Bàn sofa','Gỗ',1790000,74,'3','Còn hàng'),
('MFSTBJN01.2003','Bàn Sofa – Bàn Cafe – Bàn Trà Gỗ Sồi MOHO OSLO 901','Bàn sofa','Gỗ',1490000,14,'4','Còn hàng'),
('MFSTBJN02.1003','Bàn Sofa – Bàn Cafe – Bàn Trà Gỗ Cao Su MOHO OSLO 601','Bàn sofa','Gỗ',1490000,63,'2','Còn hàng'),
('STSAMCOLTAB01.0005','Bàn Sofa – Bàn Cafe – Bàn Trà Gỗ Sồi Tự Nhiên MOHO MINIMAL (Vuông)','Bàn sofa','Gỗ',1990000,53,'0','Còn hàng'),
('STSAMCOLTAB01.0002','Bàn Sofa – Bàn Cafe – Bàn Trà Gỗ Sồi Tự Nhiên MOHO NORDIC','Bàn sofa','Gỗ',2990000,30,'0','Còn hàng'),
('MFTCBJN01.M16','Tủ Kệ Tivi Gỗ MOHO OSLO 201 Màu Gỗ Phối Trắng','Tủ Tivi','Gỗ',2490000,45,'4','Còn hàng'),
('MFTCCA702.N16','Tủ Kệ Tivi Gỗ Sồi MOHO MILAN 902','Tủ Tivi','Gỗ',4490000,42,'3','Còn hàng'),
('MFTCCA901.B16','Tủ Kệ Tivi Gỗ Tràm MOHO VLINE 601 Màu Nâu','Tủ Tivi','Gỗ',3990000,9,'4','Còn hàng'),
('MFTCCA901.N16','Tủ Kệ Tivi Gỗ Sồi MOHO VLINE 601 (Màu Gỗ Tự Nhiên)','Tủ Tivi','Gỗ',3990000,4,'1','Còn hàng'),
('MFTCCA702.N12','Tủ Kệ Tivi Gỗ Sồi MOHO VERONA 902','Tủ Tivi','Gỗ',3490000,0,'1','Hết hàng'),
('MFTCCA701.N16','Tủ Kệ Tivi Gỗ Sồi MOHO VERONA 901','Tủ Tivi','Gỗ',4490000,67,'3','Còn hàng'),
('MFTCCA601.G14','Tủ Kệ Tivi Gỗ Sồi MOHO BOSTON 901','Tủ Tivi','Gỗ',3290000,77,'2','Còn hàng'),
('MFTCCA505.N08-1','Set 2 Tủ Kệ Tivi Gỗ MOHO VIENNA 204','Tủ Tivi','Gỗ',1980000,34,'3','Còn hàng'),
('MFTCCA505.N08','Tủ Kệ Tivi Gỗ MOHO VIENNA 204 (Kệ Phải)','Tủ Tivi','Gỗ',990000,66,'1','Còn hàng'),
('MFTCCA504.N08','Tủ Kệ Tivi Gỗ MOHO VIENNA 204 (Kệ Trái)','Tủ Tivi','Gỗ',990000,54,'0','Còn hàng'),
('MFTCCA503.N16','Tủ Kệ Tivi Gỗ MOHO VIENNA 203','Tủ Tivi','Gỗ',2490000,60,'1','Còn hàng'),
('MFTCCA502.N16','Tủ Kệ Tivi Gỗ MOHO VIENNA 202','Tủ Tivi','Gỗ',2490000,71,'1','Còn hàng'),
('MFTCCA201.N14','Tủ Kệ Tivi Gỗ MOHO TORINO 201','Tủ Tivi','Gỗ',1990000,27,'1','Còn hàng'),
('MFTCBJN01.1016','Tủ Kệ Tivi Gỗ MOHO OSLO 201','Tủ Tivi','Gỗ',2490000,42,'1','Còn hàng'),
('LS625003R9','Tủ Kệ Tivi Mini MOHO','Tủ Tivi','Gỗ',1290000,46,'0','Còn hàng'),
('STSAMCOLSHE01.0004','Tủ Kệ Tivi Gỗ Sồi MOHO MINIMAL (1 Ngăn Kéo)','Tủ Tivi','Gỗ',2490000,42,'1','Còn hàng'),
('STSAMCOLCHE01.0004','Tủ Kệ Tivi Gỗ Sồi MOHO MINIMAL (4 Ngăn Kéo)','Tủ Tivi','Gỗ',5990000,34,'4','Còn hàng'),
('STSAMCOLSHE01.0006','Tủ Kệ Tivi Gỗ Sồi MOHO MINIMAL (2 Hộc Tủ + 1 Ngăn Kéo)','Tủ Tivi','Gỗ',4490000,2,'0','Còn hàng'),
('MFDCCAD06.N05','Ghế Ăn Gỗ Cao su Tự Nhiên MOHO TORINO (Màu gỗ)','Ghế','Gỗ',899000,41,'4','Còn hàng'),
('MFDCCAD05.N05','Ghế Ăn Gỗ Tần Bì Tự Nhiên MOHO PALERMO (Màu Gỗ)','Ghế','Gỗ',1390000,94,'1','Còn hàng'),
('MFDCCAD05.B05','Ghế Ăn Gỗ Tần Bì Tự Nhiên MOHO PALERMO (Màu nâu)','Ghế','Gỗ',1390000,82,'2','Còn hàng'),
('MFDCCAD04.N05','Ghế Ăn Gỗ Cao su Tự Nhiên MOHO SOFIA','Ghế','Gỗ',899000,35,'1','Còn hàng'),
('MFDCCA601.N06','Ghế Ăn Gỗ Cao Su Tự Nhiên MOHO VERONA 601','Ghế','Gỗ',799000,42,'2','Còn hàng'),
('MFDBCA501.W11','Ghế Băng Dài Gỗ Tràm MOHO BOSTON 901','Ghế','Gỗ',1490000,98,'4','Còn hàng'),
('MFDCCA701.B05','Ghế Ăn Gỗ Cao Su Tự Nhiên MOHO VLINE 601 (Màu Nâu)','Ghế','Gỗ',799000,51,'0','Còn hàng'),
('MFDCCA701.N05','Ghế Ăn Gỗ Cao Su Tự Nhiên MOHO VLINE 601','Ghế','Gỗ',799000,99,'0','Còn hàng'),
('MFDCCA501.N08','Ghế Ăn Gỗ Cao Su Tự Nhiên MOHO OSLO 601','Ghế','Gỗ',799000,51,'3','Còn hàng'),
('MFDBCA602.B11','Ghế Băng Dài Gỗ Cao Su Tự Nhiên MOHO VLINE 602 Màu Nâu','Ghế','Gỗ',1490000,50,'1','Còn hàng'),
('MFBSCA601.B11','Ghế Băng Dài Gỗ Cao Su Tự Nhiên MOHO VLINE 601 Màu Nâu','Ghế','Gỗ',1990000,57,'4','Còn hàng'),
('MFDBCA602.N11','Ghế Băng Dài Gỗ Cao Su Tự Nhiên MOHO VLINE 602 Màu Gỗ Tự Nhiên','Ghế','Gỗ',1490000,98,'0','Còn hàng'),
('MFDBCA601.N11','Ghế Băng Dài Gỗ Cao Su Tự Nhiên MOHO VLINE 601 Màu Gỗ Tự Nhiên','Ghế','Gỗ',1990000,28,'4','Còn hàng'),
('MFBNCA801.N16','Giường Ngủ Gỗ Sồi MOHO MILAN 901 Màu Gỗ Tự Nhiên','Giường ngủ','Gỗ',5990000,49,'0','Còn hàng'),
('MFBNCA804.B16','Giường Ngủ Gỗ Tràm MOHO VLINE 601 Màu Nâu','Giường ngủ','Gỗ',5990000,68,'3','Còn hàng'),
('MFBNCA804.N16','Giường Ngủ Gỗ Sồi MOHO VLINE 601 Màu Gỗ Tự Nhiên','Giường ngủ','Gỗ',5990000,37,'1','Còn hàng'),
('MFBNCA502.N16','Giường Ngủ Gỗ Tràm MOHO MALAGA 302','Giường ngủ','Gỗ',3990000,11,'1','Còn hàng'),
('MFBNCA501.N16','Giường Ngủ Gỗ Tràm MOHO MALAGA 301','Giường ngủ','Gỗ',3490000,43,'0','Còn hàng'),
('MFSNCA601.G17','Ghế Sofa Gỗ Cao Su MOHO MILAN 901','Sofa','Gỗ',7990000,44,'4','Còn hàng'),
('MFSNCA602.G16','Ghế Sofa Gỗ Cao Su MOHO MILAN 902 (Màu Gỗ Tự Nhiên)','Sofa','Gỗ',5990000,54,'3','Còn hàng'),
('MFSNCA702.N18','Ghế Sofa Gỗ Cao Su MOHO VLINE 601 (Màu Gỗ Tự Nhiên)','Sofa','Gỗ',7990000,50,'3','Còn hàng'),
('MFSNCA702.B18','Ghế Sofa Gỗ Cao Su MOHO VLINE 601 (Màu Nâu)','Sofa','Gỗ',7990000,29,'1','Còn hàng'),
('MFDSCA801.N11','Kệ Trang Trí – Kệ Đa Năng Gỗ Sồi MOHO VLINE 801 Màu Gỗ Tự Nhiên','Tủ kệ','Gỗ',1990000,25,'2','Còn hàng'),
('MFDSCA801.B11','Kệ Trang Trí – Kệ Đa Năng Gỗ Tràm MOHO VLINE 801 Màu Nâu','Tủ kệ','Gỗ',1990000,17,'1','Còn hàng'),
('MFCDCA801.N08','Tủ Ngăn Kéo Gỗ Sồi MOHO MILAN 901','Tủ kệ','Gỗ',4490000,28,'4','Còn hàng'),
('MFSHCA801.G08','Tủ Giày – Kệ Giày MOHO BOSTON 901','Tủ kệ','Gỗ',2490000,7,'0','Còn hàng'),
('MFCDCA901.B08','Tủ Giày – Tủ Trang Trí Gỗ Tràm MOHO VLINE 601 (Màu Nâu)','Tủ kệ','Gỗ',2990000,84,'3','Còn hàng'),
('MFCDCA901.N08','Tủ Giày – Tủ Trang Trí Gỗ Sồi MOHO VLINE 601 (Màu Gỗ Tự Nhiên)','Tủ kệ','Gỗ',2990000,45,'4','Còn hàng'),
('MFSHCA601.N08','Tủ Giày – Tủ Trang trí MOHO OSLO 901','Tủ kệ','Gỗ',1990000,48,'0','Còn hàng'),
('MFBSCA601.N16','Kệ Gỗ – Kệ Sách MOHO OSLO 901 (1m6)','Tủ kệ','Gỗ',1990000,92,'0','Còn hàng'),
('MFSHCA502.N07','Tủ Giày – Tủ Trang Trí Gỗ MOHO VIENNA 202','Tủ kệ','Gỗ',1790000,69,'0','Còn hàng'),
('MFBSCA602.N16','Kệ Gỗ – Kệ Sách MOHO OSLO 902','Tủ kệ','Gỗ',2290000,76,'2','Còn hàng'),
('MFBSCA603.N14','Kệ Gỗ – Kệ Sách MOHO OSLO 903','Tủ kệ','Gỗ',1790000,59,'3','Còn hàng'),
('MFBSCA601.N12','Kệ Gỗ – Kệ Sách MOHO OSLO 901 (1m2)','Tủ kệ','Gỗ',1490000,74,'3','Còn hàng'),
('MFCDCA602.G09','Tủ Ngăn Kéo Gỗ Sồi MOHO BOSTON 901','Tủ kệ','Gỗ',3790000,65,'2','Còn hàng'),
('MFCDCA601.N07','Tủ Ngăn Kéo Gỗ Cao Su MOHO OSLO 901','Tủ kệ','Gỗ',2490000,22,'4','Còn hàng'),
('MFSHCA602.G07','Tủ Giày – Tủ Trang Trí Gỗ Sồi MOHO BOSTON 901','Tủ kệ','Gỗ',2490000,56,'3','Còn hàng'),
('MFCDCA501.N08','Tủ Ngăn Kéo Gỗ MOHO VIENNA 201 3 Ngăn Kéo','Tủ kệ','Gỗ',1990000,28,'3','Còn hàng'),
('LS625002R9','Tủ Ngăn Kéo MOHO VANI','Tủ kệ','Gỗ',2490000,99,'1','Còn hàng'),
('STSAMCOLCHE01.0002','Tủ Ngăn Kéo Gỗ Sồi MOHO MINIMAL (3 Ngăn Kéo)','Tủ kệ','Gỗ',4490000,4,'3','Còn hàng'),
('STSAMCOLCHE01.0003','Tủ Ngăn Kéo Gỗ Sồi MOHO MINIMAL (4 Ngăn Kéo)','Tủ kệ','Gỗ',4990000,45,'4','Còn hàng'),
('MFWRCA801.N14','Tủ Quần Áo Gỗ 3 cánh MOHO MILAN 901','Tủ quần áo','Gỗ',8990000,38,'3','Còn hàng'),
('MFWRCA702.G10','Tủ Quần Áo Gỗ MOHO BOSTON 902','Tủ quần áo','Gỗ',5790000,46,'1','Còn hàng'),
('MFWRCA507.M05','Tủ Quần Áo Gỗ Kệ Ngăn MOHO VIENNA 201 Màu Gỗ Phối Trắng','Tủ quần áo','Gỗ',2990000,8,'4','Còn hàng'),
('MFWRCA508.M05','Tủ Quần Áo Gỗ Thanh Treo MOHO VIENNA 201 Màu Gỗ Phối Trắng','Tủ quần áo','Gỗ',2990000,68,'4','Còn hàng'),
('MFWRCA509.M10','Tủ Quần Áo MOHO VIENNA 201 Màu Gỗ Phối Trắng','Tủ quần áo','Gỗ',4990000,47,'3','Còn hàng'),
('SET2TUQUANAO(01)-3','Set Tủ Quần Áo MOHO VIENNA 201 3 Cánh Màu Gỗ Phối Trắng (Thanh Treo)','Tủ quần áo','Gỗ',7980000,59,'4','Còn hàng'),
('SET3TUQUANAO-2','Set Tủ Quần Áo MOHO VIENNA 201 4 Cánh Màu Gỗ Phối Trắng','Tủ quần áo','Gỗ',10970000,34,'4','Còn hàng'),
('SET2TUQUANAO(01)-1-3','Set Tủ Quần Áo MOHO VIENNA 201 3 Cánh Màu Gỗ Phối Trắng (Kệ Ngăn)','Tủ quần áo','Gỗ',7980000,88,'0','Còn hàng'),
('SET2TUQUANAO(01)-1-1-1-1','Set Tủ Quần Áo MOHO VIENNA 201 2 Cánh Màu Gỗ Phối Trắng','Tủ quần áo','Gỗ',5980000,4,'1','Còn hàng'),
('SET2TUQUANAO(01)-1-2','Set Tủ Quần Áo MOHO VIENNA 201 3 Cánh (Kệ Ngăn) Màu Trắng','Tủ quần áo','Gỗ',7980000,99,'3','Còn hàng'),
('SET2TUQUANAO(01)-1-1-1','Set Tủ Quần Áo MOHO VIENNA 201 2 Cánh Màu Trắng','Tủ quần áo','Gỗ',5980000,11,'1','Còn hàng'),
('SET2TUQUANAO(01)-2','Set Tủ Quần Áo MOHO VIENNA 201 3 Cánh (Thanh Treo) Màu Trắng','Tủ quần áo','Gỗ',7980000,66,'4','Còn hàng'),
('SET3TUQUANAO-1','Set Tủ Quần Áo MOHO VIENNA 201 4 Cánh Màu Trắng','Tủ quần áo','Gỗ',10970000,77,'2','Còn hàng'),
('MFWRCA505.W05','Tủ Quần Áo Gỗ Thanh Treo MOHO VIENNA 201 Màu Trắng','Tủ quần áo','Gỗ',2990000,13,'1','Còn hàng'),
('MFWRCA504.W05','Tủ Quần Áo Gỗ Kệ Ngăn MOHO VIENNA 201 Màu Trắng','Tủ quần áo','Gỗ',2990000,79,'4','Còn hàng'),
('MFWRCA506.W10','Tủ Quần Áo Gỗ MOHO VIENNA 201 Màu Trắng','Tủ quần áo','Gỗ',4990000,45,'2','Còn hàng'),
('SET2TUQUANAO(01)-1-1','Set Tủ Quần Áo MOHO VIENNA 201 2 Cánh','Tủ quần áo','Gỗ',5980000,17,'2','Còn hàng'),
('SET2TUQUANAO(01)-1','Set Tủ Quần Áo MOHO VIENNA 201 3 Cánh (Kệ Ngăn)','Tủ quần áo','Gỗ',7980000,47,'0','Còn hàng'),
('SET3TUQUANAO','Set Tủ Quần Áo MOHO VIENNA 201 4 Cánh','Tủ quần áo','Gỗ',10970000,5,'3','Còn hàng'),
('SET2TUQUANAO(01)','Set Tủ Quần Áo MOHO VIENNA 201 3 Cánh (Thanh Treo)','Tủ quần áo','Gỗ',7980000,74,'4','Còn hàng'),
('MFBSCA802.B05','Tủ Đầu Giường Gỗ Tràm MOHO VLINE 801 (Màu Nâu)','Tủ đầu giường','Gỗ',1790000,79,'3','Còn hàng'),
('MFBSCA803.B05','Kệ Đầu Giường Gỗ Tràm MOHO VLINE 802 Màu Nâu','Tủ đầu giường','Gỗ',1290000,44,'0','Còn hàng'),
('MFBSCA801.N05','Tủ Đầu Giường Gỗ Sồi MOHO VERONA 601','Tủ đầu giường','Gỗ',2190000,71,'3','Còn hàng'),
('MFBSCA802.N05','Tủ Đầu Giường Gỗ Sồi MOHO VLINE 801','Tủ đầu giường','Gỗ',1790000,42,'1','Còn hàng'),
('MFBSCA803.N05','Kệ Đầu Giường Gỗ Sồi MOHO VLINE 802','Tủ đầu giường','Gỗ',1290000,81,'3','Còn hàng'),
('MFBSCA701.N05','Tủ Đầu Giường Gỗ Sồi MOHO MILAN 901','Tủ đầu giường','Gỗ',1990000,61,'0','Còn hàng'),
('MFBSCA601.G05','Tủ Đầu Giường Gỗ Sồi MOHO BOSTON 901','Tủ đầu giường','Gỗ',1790000,74,'4','Còn hàng'),
('MFBSCA501.N05','Tủ Đầu Giường Gỗ MOHO VIENNA 201','Tủ đầu giường','Gỗ',990000,79,'4','Còn hàng'),
('STSAMCOLTAB01.0004','Tủ Đầu Giường MOHO MINIMAL','Tủ đầu giường','Gỗ',2990000,56,'0','Còn hàng')








INSERT INTO HINHANH(ID,URL)
VALUES('LS625002R9','vani-1.png'),
('LS625002R9','vani-2.png'),
('LS625002R9','vani-3.png'),
('LS625003R9','moho-tu-tv-mini-01.jpg'),
('LS625003R9','moho-tu-tv-mini-02.jpg'),
('LS625003R9','moho-tu-tv-mini-03.jpg'),
('LS625003R9','moho-tu-tv-mini-04.jpg'),
('MFBNCA501.N12','giuong-ngu-go-tram-moho-malaga-30101.jpg'),
('MFBNCA501.N12','giuong-ngu-go-tram-moho-malaga-30102.jpg'),
('MFBNCA501.N12','giuong-ngu-go-tram-moho-malaga-30104.jpg'),
('MFBNCA501.N16','giuong-ngu-go-tram-moho-malaga-30101.jpg'),
('MFBNCA501.N16','giuong-ngu-go-tram-moho-malaga-30102.jpg'),
('MFBNCA501.N16','giuong-ngu-go-tram-moho-malaga-30104.jpg'),
('MFBNCA501.N18','giuong-ngu-go-tram-moho-malaga-30101.jpg'),
('MFBNCA501.N18','giuong-ngu-go-tram-moho-malaga-30102.jpg'),
('MFBNCA501.N18','giuong-ngu-go-tram-moho-malaga-30104.jpg'),
('MFBNCA502.N12','giuong-ngu-go-tram-moho-malaga-302-01.jpg'),
('MFBNCA502.N12','giuong-ngu-go-tram-moho-malaga-302-02.jpg'),
('MFBNCA502.N12','giuong-ngu-go-tram-moho-malaga-302-04.jpg'),
('MFBNCA502.N16','giuong-ngu-go-tram-moho-malaga-302-01.jpg'),
('MFBNCA502.N16','giuong-ngu-go-tram-moho-malaga-302-02.jpg'),
('MFBNCA502.N16','giuong-ngu-go-tram-moho-malaga-302-04.jpg'),
('MFBNCA801.N16','giuong-ngu-go-soi-moho-milan-901-mau-go-tu-nhien-01.jpg'),
('MFBNCA804.B12','201102_VLINE_BEDROOM_FOCUS-1.png'),
('MFBNCA804.B12','giuong-ngu-go-tram-moho-vline-601-mau-go-nau-02.png'),
('MFBNCA804.B12','giuong-ngu-go-tram-moho-vline-601-mau-go-nau-05.png'),
('MFBNCA804.B12','giuong-ngu-go-tram-moho-vline-601-mau-go-nau-06.png'),
('MFBNCA804.B16','giuong-ngu-go-tram-moho-vline-601-mau-go-nau-02.png'),
('MFBNCA804.B16','giuong-ngu-go-tram-moho-vline-601-mau-go-nau-05.png'),
('MFBNCA804.B16','giuong-ngu-go-tram-moho-vline-601-mau-go-nau-06.png'),
('MFBNCA804.B18','giuong-ngu-go-tram-moho-vline-601-mau-go-nau-02.png'),
('MFBNCA804.B18','giuong-ngu-go-tram-moho-vline-601-mau-go-nau-05.png'),
('MFBNCA804.B18','giuong-ngu-go-tram-moho-vline-601-mau-go-nau-06.png'),
('MFBNCA804.N12','giuong-ngu-van-go-soi-moho-vline-601-mau-go-01.png'),
('MFBNCA804.N12','giuong-ngu-van-go-soi-moho-vline-601-mau-go-03.png'),
('MFBNCA804.N12','giuong-ngu-van-go-soi-moho-vline-601-mau-go-04.png'),
('MFBNCA804.N16','giuong-ngu-van-go-soi-moho-vline-601-mau-go-01.png'),
('MFBNCA804.N16','giuong-ngu-van-go-soi-moho-vline-601-mau-go-03.png'),
('MFBNCA804.N16','giuong-ngu-van-go-soi-moho-vline-601-mau-go-04.png'),
('MFBNCA804.N18','giuong-ngu-van-go-soi-moho-vline-601-mau-go-01.png'),
('MFBNCA804.N18','giuong-ngu-van-go-soi-moho-vline-601-mau-go-03.png'),
('MFBNCA804.N18','giuong-ngu-van-go-soi-moho-vline-601-mau-go-04.png'),
('MFBSCA501.N05','tu-dau-giuong-go-moho-vienna-20101-1.jpg'),
('MFBSCA501.N05','tu-dau-giuong-go-moho-vienna-20102-1.jpg'),
('MFBSCA501.N05','tu-dau-giuong-go-moho-vienna-20103-1.jpg'),
('MFBSCA501.N05','tu-dau-giuong-go-moho-vienna-20104-1.jpg'),
('MFBSCA501.N05','tu-dau-giuong-go-moho-vienna-20105-1.jpg'),
('MFBSCA501.N05','tu-dau-giuong-go-moho-vienna-20106.jpg'),
('MFBSCA501.N05','tu-dau-giuong-go-moho-vienna-20107.jpg'),
('MFBSCA501.N05','tu-ngan-keo-go-moho-bst-vienna-201-3-ngan-keo06.jpg'),
('MFBSCA601.B11','ghe-bang-dai-go-cao-su-tu-nhien-vline-601-mau-go-nau-01.jpg'),
('MFBSCA601.B11','ghe-bang-dai-go-cao-su-tu-nhien-vline-601-mau-go-nau-03.jpg'),
('MFBSCA601.B11','ghe-bang-dai-go-cao-su-tu-nhien-vline-601-mau-go-nau-04.jpg'),
('MFBSCA601.G05','tu-dau-giuong-go-soi-moho-boston-90101.png'),
('MFBSCA601.G05','tu-dau-giuong-go-soi-moho-boston-90103.png'),
('MFBSCA601.G05','tu-dau-giuong-go-soi-moho-boston-90106.png'),
('MFBSCA601.N12','ke-go-ke-sach-moho-oslo-901-1m201.jpg'),
('MFBSCA601.N12','ke-go-ke-sach-moho-oslo-901-1m202.jpg'),
('MFBSCA601.N12','ke-go-ke-sach-moho-oslo-901-1m203.jpg'),
('MFBSCA601.N12','ke-go-ke-sach-moho-oslo-901-1m204.jpg'),
('MFBSCA601.N12','ke-go-ke-sach-moho-oslo-901-1m205.jpg'),
('MFBSCA601.N16','ke-go-ke-sach-moho-oslo-901-1m205.jpg'),
('MFBSCA601.N16','ke-go-ke-sach-moho-oslo-901-1m6-01.jpg'),
('MFBSCA601.N16','ke-go-ke-sach-moho-oslo-901-1m6-02.jpg'),
('MFBSCA601.N16','ke-go-ke-sach-moho-oslo-901-1m6-03.jpg'),
('MFBSCA601.N16','ke-go-ke-sach-moho-oslo-901-1m6-04.jpg'),
('MFBSCA602.N16','ke-go-ke-sach-moho-oslo-90201.jpg'),
('MFBSCA602.N16','ke-go-ke-sach-moho-oslo-90202.jpg'),
('MFBSCA602.N16','ke-go-ke-sach-moho-oslo-90203.jpg'),
('MFBSCA602.N16','ke-go-ke-sach-moho-oslo-90204.jpg'),
('MFBSCA602.N16','ke-go-ke-sach-moho-oslo-90205.jpg'),
('MFBSCA602.N16','ke-go-ke-sach-moho-oslo-90206.jpg'),
('MFBSCA603.N14','ke-go-ke-sach-moho-oslo-90301.jpg'),
('MFBSCA603.N14','ke-go-ke-sach-moho-oslo-90302.jpg'),
('MFBSCA603.N14','ke-go-ke-sach-moho-oslo-90303.jpg'),
('MFBSCA603.N14','ke-go-ke-sach-moho-oslo-90304.jpg'),
('MFBSCA603.N14','ke-go-ke-sach-moho-oslo-90305.jpg'),
('MFBSCA701.N05','tu-dau-giuong-go-soi-moho-milan-90101.png'),
('MFBSCA701.N05','tu-dau-giuong-go-soi-moho-milan-90102.png'),
('MFBSCA701.N05','tu-dau-giuong-go-soi-moho-milan-90103.png'),
('MFBSCA701.N05','tu-dau-giuong-go-soi-moho-milan-90104.png'),
('MFBSCA701.N05','tu-dau-giuong-go-soi-moho-milan-90105.png'),
('MFBSCA701.N05','tu-dau-giuong-go-soi-moho-milan-90106.png'),
('MFBSCA701.N05','tu-dau-giuong-go-soi-moho-milan-90107.png'),
('MFBSCA801.N05','tu-dau-giuong-van-go-soi-moho-verona-601-01.jpg'),
('MFBSCA801.N05','tu-dau-giuong-van-go-soi-moho-verona-601-02.jpg'),
('MFBSCA801.N05','tu-dau-giuong-van-go-soi-moho-verona-601-03.jpg'),
('MFBSCA801.N05','tu-dau-giuong-van-go-soi-moho-verona-601-04.jpg'),
('MFBSCA801.N05','tu-dau-giuong-van-go-soi-moho-verona-601-05.jpg'),
('MFBSCA801.N05','tu-dau-giuong-van-go-soi-moho-verona-601-06.jpg'),
('MFBSCA802.B05','tu-dau-giuong-go-soi-moho-vline-801-mau-nau-01.png'),
('MFBSCA802.B05','tu-dau-giuong-go-soi-moho-vline-801-mau-nau-02.png'),
('MFBSCA802.B05','tu-dau-giuong-go-soi-moho-vline-801-mau-nau-03.png'),
('MFBSCA802.B05','tu-dau-giuong-go-soi-moho-vline-801-mau-nau-04.png'),
('MFBSCA802.B05','tu-dau-giuong-go-soi-moho-vline-801-mau-nau-05.png'),
('MFBSCA802.B05','tu-dau-giuong-go-soi-moho-vline-801-mau-nau-06.png'),
('MFBSCA802.N05','ke-dau-giuong-go-cao-su-moho-vline-801-01.jpg'),
('MFBSCA802.N05','ke-dau-giuong-go-cao-su-moho-vline-801-02.jpg'),
('MFBSCA802.N05','ke-dau-giuong-go-cao-su-moho-vline-801-06.jpg'),
('MFBSCA803.B05','ke-dau-giuong-go-cao-su-moho-vline-802-mau-nau-walnut-01.jpg'),
('MFBSCA803.B05','ke-dau-giuong-go-cao-su-moho-vline-802-mau-nau-walnut-02.jpg'),
('MFBSCA803.B05','ke-dau-giuong-go-cao-su-moho-vline-802-mau-nau-walnut-03.jpg'),
('MFBSCA803.B05','ke-dau-giuong-go-cao-su-moho-vline-802-mau-nau-walnut-05.jpg'),
('MFBSCA803.N05','ke-dau-giuong-go-cao-su-moho-vline-802-01.png'),
('MFBSCA803.N05','ke-dau-giuong-go-cao-su-moho-vline-802-02.png'),
('MFBSCA803.N05','ke-dau-giuong-go-cao-su-moho-vline-802-03.png'),
('MFCDCA501.N08','tu-ngan-keo-go-moho-bst-vienna-201-3-ngan-keo01.jpg'),
('MFCDCA501.N08','tu-ngan-keo-go-moho-bst-vienna-201-3-ngan-keo02.jpg'),
('MFCDCA501.N08','tu-ngan-keo-go-moho-bst-vienna-201-3-ngan-keo03.jpg'),
('MFCDCA501.N08','tu-ngan-keo-go-moho-bst-vienna-201-3-ngan-keo04.jpg'),
('MFCDCA501.N08','tu-ngan-keo-go-moho-bst-vienna-201-3-ngan-keo05.jpg'),
('MFCDCA501.N08','tu-ngan-keo-go-moho-bst-vienna-201-3-ngan-keo06.jpg'),
('MFCDCA601.N07','tu-ngan-keo-go-cao-su-moho-oslo-90101.jpg'),
('MFCDCA601.N07','tu-ngan-keo-go-cao-su-moho-oslo-90102.jpg'),
('MFCDCA601.N07','tu-ngan-keo-go-cao-su-moho-oslo-90103.jpg'),
('MFCDCA601.N07','tu-ngan-keo-go-cao-su-moho-oslo-90104.jpg'),
('MFCDCA601.N07','tu-ngan-keo-go-cao-su-moho-oslo-90105.jpg'),
('MFCDCA601.N07','tu-ngan-keo-go-cao-su-moho-oslo-90106.jpg'),
('MFCDCA601.N07','tu-ngan-keo-go-cao-su-moho-oslo-90107.jpg'),
('MFCDCA602.G09','tu-ngan-keo-go-soi-moho-boston-90101.jpg'),
('MFCDCA602.G09','tu-ngan-keo-go-soi-moho-boston-90104.jpg'),
('MFCDCA602.G09','tu-ngan-keo-go-soi-moho-boston-90107.jpg'),
('MFCDCA801.N08','ban-sofa-ban-cafe-ban-tra-moho-milan-90106.jpg'),
('MFCDCA801.N08','tu-ngan-keo-go-moho-milan-901-01.jpg'),
('MFCDCA801.N08','tu-ngan-keo-go-moho-milan-901-02.jpg'),
('MFCDCA901.B08','tu-giay-tu-trang-tri-moho-vline-601-mau-nau-01.png'),
('MFCDCA901.B08','tu-giay-tu-trang-tri-moho-vline-601-mau-nau-02.png'),
('MFCDCA901.B08','tu-giay-tu-trang-tri-moho-vline-601-mau-nau-03.png'),
('MFCDCA901.B08','tu-giay-tu-trang-tri-moho-vline-601-mau-nau-04.png'),
('MFCDCA901.B08','tu-giay-tu-trang-tri-moho-vline-601-mau-nau-05.png'),
('MFCDCA901.B08','tu-giay-tu-trang-tri-moho-vline-601-mau-nau-06.png'),
('MFCDCA901.B08','tu-giay-tu-trang-tri-moho-vline-601-mau-nau-07.png'),
('MFCDCA901.B08','tu-giay-tu-trang-tri-moho-vline-601-mau-nau-08.png'),
('MFCDCA901.B08','tu-giay-tu-trang-tri-moho-vline-601-mau-nau-09.png'),
('MFCDCA901.N08','tu-giay-tu-trang-tri-moho-vline-601-mau-go-tu-nhien-01.png'),
('MFCDCA901.N08','tu-giay-tu-trang-tri-moho-vline-601-mau-go-tu-nhien-02.png'),
('MFCDCA901.N08','tu-giay-tu-trang-tri-moho-vline-601-mau-go-tu-nhien-03.png'),
('MFCDCA901.N08','tu-giay-tu-trang-tri-moho-vline-601-mau-go-tu-nhien-04.png'),
('MFCDCA901.N08','tu-giay-tu-trang-tri-moho-vline-601-mau-go-tu-nhien-05.png'),
('MFCDCA901.N08','tu-giay-tu-trang-tri-moho-vline-601-mau-go-tu-nhien-06.png'),
('MFCDCA901.N08','tu-giay-tu-trang-tri-moho-vline-601-mau-go-tu-nhien-07.png'),
('MFCDCA901.N08','tu-giay-tu-trang-tri-moho-vline-601-mau-go-tu-nhien-08.png'),
('MFCDCA901.N08','tu-giay-tu-trang-tri-moho-vline-601-mau-go-tu-nhien-09.png'),
('MFDBCA501.W11','bo-ban-an-2-bang-ngoi-go-soi-moho-boston-901.jpg'),
('MFDBCA501.W11','ghe-bang-dai-moho-boston-901-01.jpg'),
('MFDBCA601.N11','ghe-bang-dai-go-cao-su-tu-nhien-vline-601-mau-go-tu-nhien-moi-01.jpg'),
('MFDBCA601.N11','ghe-bang-dai-go-cao-su-tu-nhien-vline-601-mau-go-tu-nhien-moi-02.jpg'),
('MFDBCA601.N11','ghe-bang-dai-go-cao-su-tu-nhien-vline-601-mau-go-tu-nhien-moi-05.jpg'),
('MFDBCA602.B11','ghe-bang-dai-go-cao-su-tu-nhien-vline-602-mau-go-nau-01.jpg'),
('MFDBCA602.B11','ghe-bang-dai-go-cao-su-tu-nhien-vline-602-mau-go-nau-02.jpg'),
('MFDBCA602.B11','ghe-bang-dai-go-cao-su-tu-nhien-vline-602-mau-go-nau-04.jpg'),
('MFDBCA602.N11','ghe-bang-dai-go-cao-su-tu-nhien-vline-602-mau-go-tu-nhien-new-01.jpg'),
('MFDBCA602.N11','ghe-bang-dai-go-cao-su-tu-nhien-vline-602-mau-go-tu-nhien-new-02.jpg'),
('MFDBCA602.N11','ghe-bang-dai-go-cao-su-tu-nhien-vline-602-mau-go-tu-nhien-new-04.jpg'),
('MFDCCA501.N08','ghe-an-go-cao-su-tu-nhien-oslo-601-01.jpg'),
('MFDCCA501.N08','ghe-an-go-cao-su-tu-nhien-oslo-601-02.jpg'),
('MFDCCA501.N08','ghe-an-go-cao-su-tu-nhien-oslo-601-03.jpg'),
('MFDCCA501.N08','ghe-an-go-cao-su-tu-nhien-oslo-601-04.jpg'),
('MFDCCA501.N08','ghe-an-go-cao-su-tu-nhien-oslo-601-05.jpg'),
('MFDCCA501.N08','ghe-an-go-cao-su-tu-nhien-oslo-601-06.jpg'),
('MFDCCA501.N08','ghe-an-go-cao-su-tu-nhien-oslo-601-07.jpg'),
('MFDCCA601.N06','ghe-an-go-cao-su-tu-nhien-moho-verona-601-01.jpg'),
('MFDCCA601.N06','ghe-an-go-cao-su-tu-nhien-moho-verona-601-02.jpg'),
('MFDCCA701.B05','ghe-an-go-cao-su-tu-nhien-moho-vline-601-mau-nau-01.png'),
('MFDCCA701.B05','ghe-an-go-cao-su-tu-nhien-moho-vline-601-mau-nau-02.png'),
('MFDCCA701.B05','ghe-an-go-cao-su-tu-nhien-moho-vline-601-mau-nau-03.png'),
('MFDCCA701.B05','ghe-an-go-cao-su-tu-nhien-moho-vline-601-mau-nau-04.png'),
('MFDCCA701.B05','ghe-an-go-cao-su-tu-nhien-moho-vline-601-mau-nau-05.png'),
('MFDCCA701.N05','ghe-an-go-cao-su-tu-nhien-moho-vline-601-01.jpg'),
('MFDCCA701.N05','ghe-an-go-cao-su-tu-nhien-moho-vline-601-02.jpg'),
('MFDCCA701.N05','ghe-an-go-cao-su-tu-nhien-moho-vline-601-03.jpg'),
('MFDCCA701.N05','IMG_4861.png'),
('MFDCCAD04.N05','ghe-an-go-tan-bi-tu-nhien-moho-sofia-ash-01.jpg'),
('MFDCCAD04.N05','ghe-an-go-tan-bi-tu-nhien-moho-sofia-ash-02.jpg'),
('MFDCCAD04.N05','ghe-an-go-tan-bi-tu-nhien-moho-sofia-ash-03.jpg'),
('MFDCCAD04.N05','ghe-an-go-tan-bi-tu-nhien-moho-sofia-ash-04.jpg'),
('MFDCCAD04.N05','ghe-an-go-tan-bi-tu-nhien-moho-sofia-ash-05.jpg'),
('MFDCCAD04.N05','ghe-an-go-tan-bi-tu-nhien-moho-sofia-ash-06.jpg'),
('MFDCCAD04.N05','ghe-an-go-tan-bi-tu-nhien-moho-sofia-ash-07.jpg'),
('MFDCCAD05.B05','ghe-an-go-tan-bi-tu-nhien-moho-palermo-mau-nau-01.jpg'),
('MFDCCAD05.B05','ghe-an-go-tan-bi-tu-nhien-moho-palermo-mau-nau-02.jpg'),
('MFDCCAD05.B05','ghe-an-go-tan-bi-tu-nhien-moho-palermo-mau-nau-03.jpg'),
('MFDCCAD05.B05','ghe-an-go-tan-bi-tu-nhien-moho-palermo-mau-nau-04.jpg'),
('MFDCCAD05.B05','ghe-an-go-tan-bi-tu-nhien-moho-palermo-mau-nau-05.jpg'),
('MFDCCAD05.B05','ghe-an-go-tan-bi-tu-nhien-moho-palermo-mau-nau-06.jpg'),
('MFDCCAD05.B05','ghe-an-go-tan-bi-tu-nhien-moho-palermo-mau-nau-07.jpg'),
('MFDCCAD05.B05','ghe-an-go-tan-bi-tu-nhien-moho-palermo-mau-nau-08.jpg'),
('MFDCCAD05.N05','ghe-an-go-tan-bi-tu-nhien-moho-palermo-mau-nat-01.jpg'),
('MFDCCAD05.N05','ghe-an-go-tan-bi-tu-nhien-moho-palermo-mau-nat-02.jpg'),
('MFDCCAD05.N05','ghe-an-go-tan-bi-tu-nhien-moho-palermo-mau-nat-03.jpg'),
('MFDCCAD05.N05','ghe-an-go-tan-bi-tu-nhien-moho-palermo-mau-nat-04.jpg'),
('MFDCCAD05.N05','ghe-an-go-tan-bi-tu-nhien-moho-palermo-mau-nat-05.jpg'),
('MFDCCAD05.N05','ghe-an-go-tan-bi-tu-nhien-moho-palermo-mau-nat-06.jpg'),
('MFDCCAD05.N05','ghe-an-go-tan-bi-tu-nhien-moho-palermo-mau-nat-07.jpg'),
('MFDCCAD06.N05','ghe-an-go-cao-su-tu-nhien-moho-torino-01.jpg'),
('MFDCCAD06.N05','ghe-an-go-cao-su-tu-nhien-moho-torino-02.jpg'),
('MFDCCAD06.N05','ghe-an-go-cao-su-tu-nhien-moho-torino-03.jpg'),
('MFDCCAD06.N05','ghe-an-go-cao-su-tu-nhien-moho-torino-04.jpg'),
('MFDCCAD06.N05','ghe-an-go-cao-su-tu-nhien-moho-torino-05.jpg'),
('MFDCCAD06.N05','ghe-an-go-cao-su-tu-nhien-moho-torino-06.jpg'),
('MFDCCAD06.N05','ghe-an-go-cao-su-tu-nhien-moho-torino-07.jpg'),
('MFDSCA801.B11','ke-dau-giuong-go-cao-su-moho-vline-802-mau-nau-walnut-03.jpg'),
('MFDSCA801.B11','ke-dau-giuong-go-cao-su-moho-vline-802-mau-nau-walnut-05.jpg'),
('MFDSCA801.B11','ke-trang-tri-ke-da-nang-go-tram-moho-vline-801-mau-nau-01.jpg'),
('MFDSCA801.N11','ke-trang-tri-ke-da-nang-go-tram-moho-vline-801-mau-go-02.jpg'),
('MFDTBJN01.1014','ban-an-go-oslo-601-mau-go-01.png'),
('MFDTBJN01.1014','ban-an-go-oslo-601-mau-go-03.png'),
('MFDTBJN01.1014','ban-an-go-oslo-601-mau-go-04.jpg'),
('MFDTBJN01.1014','ban-an-go-oslo-601-mau-go-06.png'),
('MFDTCA501.G12','ban-an-go-tram-moho-malaga-302-1m2-mau-go-trang-01.png'),
('MFDTCA501.G12','ban-an-go-tram-moho-malaga-302-1m2-mau-go-trang-02.png'),
('MFDTCA501.G12','ban-an-go-tram-moho-malaga-302-1m2-mau-go-trang-03.png'),
('MFDTCA501.G12','ban-an-go-tram-moho-malaga-302-1m2-mau-go-trang-04.png'),
('MFDTCA501.G12','ban-an-go-tram-moho-malaga-302-1m2-mau-go-trang-05.png'),
('MFDTCA501.G12','ban-an-go-tram-moho-malaga-302-1m2-mau-go-trang-06.png'),
('MFDTCA501.G15','ban-an-go-tram-moho-malaga-302-1m5-go-phoi-trang-01.png'),
('MFDTCA501.G15','ban-an-go-tram-moho-malaga-302-1m5-go-phoi-trang-02.png'),
('MFDTCA501.G15','ban-an-go-tram-moho-malaga-302-1m5-go-phoi-trang-03.png'),
('MFDTCA501.G15','ban-an-go-tram-moho-malaga-302-1m5-go-phoi-trang-04.png'),
('MFDTCA501.G15','ban-an-go-tram-moho-malaga-302-1m5-go-phoi-trang-05.png'),
('MFDTCA501.G15','ban-an-go-tram-moho-malaga-302-1m5-go-phoi-trang-06.png'),
('MFDTCA601.W15','ban-an-go-soi-moho-boston-901-1m5-mau-trang-go-01.png'),
('MFDTCA601.W15','ban-an-go-soi-moho-boston-901-1m5-mau-trang-go-02.png'),
('MFDTCA601.W15','ban-an-go-soi-moho-boston-901-1m5-mau-trang-go-03.jpg'),
('MFDTCA601.W15','ban-an-go-soi-moho-boston-901-1m5-mau-trang-go-04.png'),
('MFDTCA601.W15','ban-an-go-soi-moho-boston-901-1m5-mau-trang-go-06.png'),
('MFDTCA601.W15','ban-an-go-soi-moho-boston-901-1m5-mau-trang-go-07.png'),
('MFDTCA701.B09','ban-an-go-cao-su-tu-nhien-moho-vline-601-mau-nau-900.jpg'),
('MFDTCA701.B09','bo-ban-an-go-cao-su-tu-nhien-vline-601-mau-go-nau-ghe-bang-dai-06.jpg'),
('MFDTCA701.B09','bo-ban-an-go-cao-su-tu-nhien-vline-601-mau-go-nau-ghe-bang-dai-08.jpg'),
('MFDTCA701.B16','bo-ban-an-go-cao-su-tu-nhien-vline-601-mau-go-nau-ghe-bang-dai-04.jpg'),
('MFDTCA701.B16','bo-ban-an-go-cao-su-tu-nhien-vline-601-mau-go-nau-ghe-bang-dai-06.jpg'),
('MFDTCA701.B16','bo-ban-an-go-cao-su-tu-nhien-vline-601-mau-go-nau-ghe-bang-dai-08.jpg'),
('MFDTCA701.N09','ban-an-go-cao-su-tu-nhien-moho-vline-601-mau-go-900-01.jpg'),
('MFDTCA701.N09','ban-an-go-cao-su-tu-nhien-vline-601-mau-go-tu-nhien-moi-05.jpg'),
('MFDTCA701.N09','ban-an-go-cao-su-tu-nhien-vline-601-mau-go-tu-nhien-moi-06.jpg'),
('MFDTCA701.N16','ban-an-go-cao-su-tu-nhien-vline-601-mau-go-tu-nhien-moi-03.jpg'),
('MFDTCA701.N16','ban-an-go-cao-su-tu-nhien-vline-601-mau-go-tu-nhien-moi-05.jpg'),
('MFDTCA701.N16','ban-an-go-cao-su-tu-nhien-vline-601-mau-go-tu-nhien-moi-06.jpg'),
('MFDTCA702.N16','ban-an-van-go-soi-milan-901-mau-go-tu-nhien-01.png'),
('MFDTCA702.N16','ban-an-van-go-soi-milan-901-mau-go-tu-nhien-02.png'),
('MFDTCA702.N16','ban-an-van-go-soi-milan-901-mau-go-tu-nhien-03.png'),
('MFDTCA702.N16','ban-an-van-go-soi-milan-901-mau-go-tu-nhien-04.png'),
('MFDTCA702.N16','ban-an-van-go-soi-milan-901-mau-go-tu-nhien-05.png'),
('MFDTCA703.B16','ban-an-van-go-tram-tu-nhien-moho-malaga-301-mau-nau-01.png'),
('MFDTCA703.B16','ban-an-van-go-tram-tu-nhien-moho-malaga-301-mau-nau-02.png'),
('MFDTCA703.B16','ban-an-van-go-tram-tu-nhien-moho-malaga-301-mau-nau-03.png'),
('MFDTCA801.N18','ban-an-van-go-soi-moho-verona-901-1m8-01.jpg'),
('MFDTCA801.N18','ban-an-van-go-soi-moho-verona-901-1m8-02.jpg'),
('MFDTCA801.N18','ban-an-van-go-soi-moho-verona-901-1m8-03.jpg'),
('MFDTCA801.N18','ban-an-van-go-soi-moho-verona-901-1m8-04.jpg'),
('MFDTCA801.N18','ban-an-van-go-soi-moho-verona-901-1m8-2.jpg'),
('MFSHCA502.N07','tu-giay-tu-trang-tri-go-moho-vienna-202-01.png'),
('MFSHCA502.N07','tu-giay-tu-trang-tri-go-moho-vienna-202-02.png'),
('MFSHCA502.N07','tu-giay-tu-trang-tri-go-moho-vienna-202-04.png'),
('MFSHCA502.N07','tu-giay-tu-trang-tri-go-moho-vienna-202-05.png'),
('MFSHCA502.N07','tu-giay-tu-trang-tri-go-moho-vienna-202-06.png'),
('MFSHCA502.N07','tu-giay-tu-trang-tri-go-moho-vienna-202-07.png'),
('MFSHCA502.N07','tu-giay-tu-trang-tri-go-moho-vienna-202-08.png'),
('MFSHCA502.N07','tu-giay-tu-trang-tri-go-moho-vienna-202-09.png'),
('MFSHCA601.N08','tu-giay-tu-trang-tri-moho-oslo-901-01.jpg'),
('MFSHCA601.N08','tu-giay-tu-trang-tri-moho-oslo-901-02.jpg'),
('MFSHCA601.N08','tu-giay-tu-trang-tri-moho-oslo-901-03.jpg'),
('MFSHCA601.N08','tu-giay-tu-trang-tri-moho-oslo-901-04.jpg'),
('MFSHCA601.N08','tu-giay-tu-trang-tri-moho-oslo-901-05.jpg'),
('MFSHCA601.N08','tu-giay-tu-trang-tri-moho-oslo-901-06.jpg'),
('MFSHCA601.N08','tu-giay-tu-trang-tri-moho-oslo-901-07.jpg'),
('MFSHCA601.N08','tu-giay-tu-trang-tri-moho-oslo-901-08.jpg'),
('MFSHCA602.G07','tu-giay-tu-trang-tri-go-soi-moho-boston-90101.png'),
('MFSHCA602.G07','tu-giay-tu-trang-tri-go-soi-moho-boston-90104.png'),
('MFSHCA602.G07','tu-giay-tu-trang-tri-go-soi-moho-boston-90106.png'),
('MFSHCA801.G08','tu-giay-ke-giay-kiem-ghe-ngoi-moho-boston-901-01.jpg'),
('MFSHCA801.G08','tu-giay-ke-giay-kiem-ghe-ngoi-moho-boston-901-02.jpg'),
('MFSNCA601.G17','ghe-sofa-go-cao-su-moho-milan-901-01.jpg'),
('MFSNCA601.G17','ghe-sofa-go-cao-su-moho-milan-901-02.jpg'),
('MFSNCA601.G17','ghe-sofa-go-cao-su-moho-milan-901-03.jpg'),
('MFSNCA601.G17','ghe-sofa-go-cao-su-moho-milan-901-04.jpg'),
('MFSNCA602.G16','ghe-sofa-go-cao-su-moho-milan-902-mau-go-tu-nhien-01.jpg'),
('MFSNCA702.B18','ghe-sofa-go-cao-su-v-line-601-mau-nau-new-01.jpg'),
('MFSNCA702.B18','ghe-sofa-go-cao-su-v-line-601-mau-nau-new-03.jpg'),
('MFSNCA702.B18','ghe-sofa-go-cao-su-v-line-601-mau-nau-new-04.jpg'),
('MFSNCA702.N18','sofa-vline-1.png'),
('MFSNCA702.N18','sofa-vline-2.png'),
('MFSTBJN01.2003','ban-sofa-go-soi-oslo-901-mau-go-01.png'),
('MFSTBJN01.2003','ban-sofa-go-soi-oslo-901-mau-go-02.png'),
('MFSTBJN01.2003','ban-sofa-go-soi-oslo-901-mau-go-03.jpg'),
('MFSTBJN01.2003','ban-sofa-go-soi-oslo-901-mau-go-04.png'),
('MFSTBJN01.2003','ban-sofa-go-soi-oslo-901-mau-go-05.png'),
('MFSTBJN01.2003','ban-sofa-go-soi-oslo-901-mau-go-06.png'),
('MFSTBJN02.1003','ban-sofa-go-cao-su-oslo-601-mau-go-01.png'),
('MFSTBJN02.1003','ban-sofa-go-cao-su-oslo-601-mau-go-02.png'),
('MFSTBJN02.1003','ban-sofa-go-cao-su-oslo-601-mau-go-03.png'),
('MFSTBJN02.1003','ban-sofa-go-cao-su-oslo-601-mau-go-04.jpg'),
('MFSTBJN02.1003','ban-sofa-go-cao-su-oslo-601-mau-go-05.png'),
('MFSTBJN02.1003','ban-sofa-go-cao-su-oslo-601-mau-go-06.png'),
('MFSTBJN02.1003','ban-sofa-go-cao-su-oslo-601-mau-go-07.png'),
('MFSTCA201.G10','ban-coffee-boston-901-01.png'),
('MFSTCA201.G10','ban-coffee-boston-901-03.png'),
('MFSTCA201.G10','ban-coffee-boston-901-05.jpg'),
('MFSTCA501.N09','ban-sofa-ban-cafe-ban-tra-go-moho-vienna-20101-1.jpg'),
('MFSTCA501.N09','ban-sofa-ban-cafe-ban-tra-go-moho-vienna-20102-1.jpg'),
('MFSTCA501.N09','ban-sofa-ban-cafe-ban-tra-go-moho-vienna-20103-1.jpg'),
('MFSTCA501.N09','ban-sofa-ban-cafe-ban-tra-go-moho-vienna-20104-1.jpg'),
('MFSTCA601.N07','ban-sofa-ban-cafe-ban-tra-tron-go-soi-moho-oslo-901-mau-go-01.png'),
('MFSTCA601.N07','ban-sofa-ban-cafe-ban-tra-tron-go-soi-moho-oslo-901-mau-go-02.png'),
('MFSTCA601.N07','ban-sofa-ban-cafe-ban-tra-tron-go-soi-moho-oslo-901-mau-go-03.png'),
('MFSTCA601.N07','ban-sofa-ban-cafe-ban-tra-tron-go-soi-moho-oslo-901-mau-go-04.png'),
('MFSTCA602.N05','ban-sofa-ban-cafe-tron-go-soi-moho-oslo-901-mau-go-01.png'),
('MFSTCA602.N05','ban-sofa-ban-cafe-tron-go-soi-moho-oslo-901-mau-go-02.png'),
('MFSTCA602.N05','ban-sofa-ban-cafe-tron-go-soi-moho-oslo-901-mau-go-03.png'),
('MFSTCA602.N05','ban-sofa-ban-cafe-tron-go-soi-moho-oslo-901-mau-go-04.png'),
('MFSTCA602.N05-N07','IMG_2288-2048.png'),
('MFSTCA602.N05-N07','Set-bao-sofa-oslo-table-90102.jpg'),
('MFSTCA603.B10','ban-sofa-ban-cafe-ban-tra-go-thong-moho-vline-50101.jpg'),
('MFSTCA603.B10','ban-sofa-ban-cafe-ban-tra-go-thong-moho-vline-50102.jpg'),
('MFSTCA603.B10','ban-sofa-ban-cafe-ban-tra-go-thong-moho-vline-50103.jpg'),
('MFSTCA603.B10','ban-sofa-ban-cafe-ban-tra-go-thong-moho-vline-50104.jpg'),
('MFSTCA603.B10','ban-sofa-ban-cafe-ban-tra-go-thong-moho-vline-50105.jpg'),
('MFSTCA604.N09','ban-sofa-ban-cafe-ban-tra-moho-milan-90101.jpg'),
('MFSTCA604.N09','ban-sofa-ban-cafe-ban-tra-moho-milan-90104.jpg'),
('MFSTCA604.N09','ban-sofa-ban-cafe-ban-tra-moho-milan-90105.jpg'),
('MFSTCA604.N09','ban-sofa-ban-cafe-ban-tra-moho-milan-90106.jpg'),
('MFSTCA604.N09','ban-sofa-ban-cafe-ban-tra-moho-milan-90107.jpg'),
('MFSTCA604.N09','ban-sofa-ban-cafe-ban-tra-moho-milan-90108.jpg'),
('MFSTCA606.N09','ban-sofa-milan-90201.jpg'),
('MFSTCA606.N09','ban-sofa-milan-90202.jpg'),
('MFSTCA606.N09','ban-sofa-milan-90203.jpg'),
('MFSTCA606.N09','ban-sofa-milan-90204.jpg'),
('MFSTCA606.N09','ban-sofa-milan-90205.jpg'),
('MFSTCA606.N09','ban-sofa-milan-90206.jpg'),
('MFSTCA801.W06','ban-sofa-ban-cafe-ban-tra-go-cao-su-moho-verona-801-trang01.jpg'),
('MFSTCA801.W06','ban-sofa-ban-cafe-ban-tra-go-cao-su-moho-verona-801-trang02.jpg'),
('MFSTCA801.W06','ban-sofa-ban-cafe-ban-tra-go-cao-su-moho-verona-801-trang03.jpg'),
('MFSTCA802.G07','ban-sofa-ban-cafe-ban-tra-go-cao-su-moho-verona-801-xam-xanh01.jpg'),
('MFSTCA802.G07','ban-sofa-ban-cafe-ban-tra-go-cao-su-moho-verona-801-xam-xanh02.jpg'),
('MFSTCA802.G07','ban-sofa-ban-cafe-ban-tra-go-cao-su-moho-verona-801-xam-xanh03.jpg'),
('MFSTCA802.G07','ban-sofa-ban-cafe-ban-tra-go-cao-su-moho-verona-801-xam-xanh04.jpg'),
('MFSTCA803.G07-1','ban-sofa-ban-cafe-ban-tra-go-cao-su-moho-verona-801-trang01.jpg'),
('MFSTCA803.G07-1','ban-sofa-ban-cafe-ban-tra-go-cao-su-moho-verona-801-trang03.jpg'),
('MFSTCA803.G07-1','ban-sofa-ban-cafe-ban-tra-go-cao-su-moho-verona-801-xam-xanh02.jpg'),
('MFSTCA803.G07-1','ban-sofa-ban-cafe-ban-tra-go-cao-su-moho-verona-801-xam-xanh03.jpg'),
('MFSTCA803.G07-1','ban-sofa-ban-cafe-ban-tra-go-cao-su-moho-verona-801-xam-xanh04.jpg'),
('MFSTCA803.G07-1','bo-ban-sofa-ban-cafe-ban-tra-go-cao-su-moho-verona-801-trang-xam01.jpg'),
('MFSTCA803.N06','ban-sofa-ban-cafe-ban-tra-go-soi-moho-verona-80201.jpg'),
('MFSTCA803.N06','ban-sofa-ban-cafe-ban-tra-go-soi-moho-verona-80202.jpg'),
('MFSTCA803.N06','ban-sofa-ban-cafe-ban-tra-go-soi-moho-verona-80203.jpg'),
('MFSTCA803.N06','ban-sofa-ban-cafe-ban-tra-go-soi-moho-verona-80204.jpg'),
('MFSTCA804.N09','ban-sofa-ban-cafe-ban-tra-moho-verona-901-01.jpg'),
('MFSTCA804.N09','ban-sofa-ban-cafe-ban-tra-moho-verona-901-02.jpg'),
('MFSTCA804.N09','ban-sofa-ban-cafe-ban-tra-moho-verona-901-03.jpg'),
('MFSTCA804.N09','ban-sofa-ban-cafe-ban-tra-moho-verona-901-05.jpg'),
('MFTCBJN01.1016','tu-tivi-go-oslo-201-mau-go-01.png'),
('MFTCBJN01.1016','tu-tivi-go-oslo-201-mau-go-03.png'),
('MFTCBJN01.1016','tu-tivi-go-oslo-201-mau-go-07.jpg'),
('MFTCBJN01.M16','tu-ke-tivi-go-moho-oslo-201-mau-trang-phoi-go-01.jpg'),
('MFTCBJN01.M16','tu-tivi-go-oslo-201-mau-go-03.png'),
('MFTCBJN01.M16','tu-tivi-go-oslo-201-mau-go-07.jpg'),
('MFTCCA201.N14','Tủ-Kệ-Tivi-Gỗ-MOHO-TORINO20101.png'),
('MFTCCA201.N14','Tủ-Kệ-Tivi-Gỗ-MOHO-TORINO20102-1.png'),
('MFTCCA201.N14','Tủ-Kệ-Tivi-Gỗ-MOHO-TORINO20103.png'),
('MFTCCA201.N14','Tủ-Kệ-Tivi-Gỗ-MOHO-TORINO20104-1.png'),
('MFTCCA201.N14','Tủ-Kệ-Tivi-Gỗ-MOHO-TORINO20105-1.jpg'),
('MFTCCA201.N14','Tủ-Kệ-Tivi-Gỗ-MOHO-TORINO20106-1.jpg'),
('MFTCCA201.N14','Tủ-Kệ-Tivi-Gỗ-MOHO-TORINO20107-1.jpg'),
('MFTCCA201.N14','Tủ-Kệ-Tivi-Gỗ-MOHO-TORINO20109-1.png'),
('MFTCCA502.N16','tu-ke-tivi-go-moho-bst-vienna-20201.jpg'),
('MFTCCA502.N16','tu-ke-tivi-go-moho-bst-vienna-20202.jpg'),
('MFTCCA502.N16','tu-ke-tivi-go-moho-bst-vienna-20203.jpg'),
('MFTCCA502.N16','tu-ke-tivi-go-moho-bst-vienna-20204.jpg'),
('MFTCCA502.N16','tu-ke-tivi-go-moho-bst-vienna-20205.jpg'),
('MFTCCA502.N16','tu-ke-tivi-go-moho-bst-vienna-20206.jpg'),
('MFTCCA502.N16','tu-ke-tivi-go-moho-bst-vienna-20207.jpg'),
('MFTCCA502.N16','tu-ke-tivi-go-moho-bst-vienna-20208.jpg'),
('MFTCCA503.N16','tu-ke-tivi-go-moho-bst-vienna-20301.jpg'),
('MFTCCA503.N16','tu-ke-tivi-go-moho-bst-vienna-20302.jpg'),
('MFTCCA503.N16','tu-ke-tivi-go-moho-bst-vienna-20303.jpg'),
('MFTCCA503.N16','tu-ke-tivi-go-moho-bst-vienna-20304.jpg'),
('MFTCCA503.N16','tu-ke-tivi-go-moho-bst-vienna-20305.jpg'),
('MFTCCA503.N16','tu-ke-tivi-go-moho-bst-vienna-20306.jpg'),
('MFTCCA503.N16','tu-ke-tivi-go-moho-bst-vienna-20307.jpg'),
('MFTCCA504.N08','tu-ke-tivi-go-moho-bst-vienna-204-ke-trai01.jpg'),
('MFTCCA504.N08','tu-ke-tivi-go-moho-bst-vienna-204-ke-trai02.jpg'),
('MFTCCA504.N08','tu-ke-tivi-go-moho-bst-vienna-204-ke-trai03.jpg'),
('MFTCCA504.N08','tu-ke-tivi-go-moho-bst-vienna-204-ke-trai04.jpg'),
('MFTCCA505.N08','tu-ke-tivi-go-moho-bst-vienna-204-ke-phai01.jpg'),
('MFTCCA505.N08','tu-ke-tivi-go-moho-bst-vienna-204-ke-phai02.jpg'),
('MFTCCA505.N08','tu-ke-tivi-go-moho-bst-vienna-204-ke-phai03.jpg'),
('MFTCCA505.N08','tu-ke-tivi-go-moho-bst-vienna-204-ke-phai04.jpg'),
('MFTCCA505.N08','tu-ke-tivi-go-moho-bst-vienna-204-ke-phai05.jpg'),
('MFTCCA505.N08','tu-ke-tivi-go-moho-bst-vienna-204-ke-phai06.jpg'),
('MFTCCA505.N08','tu-ke-tivi-go-moho-bst-vienna-204-ke-trai04.jpg'),
('MFTCCA505.N08-1','set-2-tu-ke-tivi-go-moho-vienna-20401.jpg'),
('MFTCCA505.N08-1','set-2-tu-ke-tivi-go-moho-vienna-20402.jpg'),
('MFTCCA505.N08-1','set-2-tu-ke-tivi-go-moho-vienna-20403.jpg'),
('MFTCCA505.N08-1','set-2-tu-ke-tivi-go-moho-vienna-20404.jpg'),
('MFTCCA505.N08-1','set-2-tu-ke-tivi-go-moho-vienna-20405.jpg'),
('MFTCCA505.N08-1','tu-ke-tivi-go-moho-bst-vienna-204-ke-trai04.jpg'),
('MFTCCA505.N08-2','tu-ke-tivi-go-moho-bst-vienna-204-ke-phai03.jpg'),
('MFTCCA505.N08-2','tu-ke-tivi-go-moho-bst-vienna-204-ke-phai04.jpg'),
('MFTCCA505.N08-2','tu-ke-tivi-go-moho-bst-vienna-204-ke-phai05.jpg'),
('MFTCCA505.N08-2','tu-ke-tivi-go-moho-bst-vienna-204-ke-phai06.jpg'),
('MFTCCA601.G14','tu-ke-tivi-go-soi-moho-boston-901-1.jpg'),
('MFTCCA601.G14','tu-ke-tivi-go-soi-moho-boston-901-2.jpg'),
('MFTCCA601.G14','tu-ke-tivi-go-soi-moho-boston-901-7.jpg'),
('MFTCCA701.N16','tu-ke-tivi-van-go-soi-moho-verona-901-02.jpg'),
('MFTCCA701.N16','tu-ke-tivi-van-go-soi-moho-verona-901-03.jpg'),
('MFTCCA701.N16','tu-ke-tivi-van-go-soi-moho-verona-901-04.jpg'),
('MFTCCA701.N16','tu-ke-tivi-van-go-soi-moho-verona-901-05.jpg'),
('MFTCCA701.N16','VERONA-TV-CABINET-901.png'),
('MFTCCA702.N12','tu-ke-tivi-van-go-soi-moho-verona-902-01.jpg'),
('MFTCCA702.N12','tu-ke-tivi-van-go-soi-moho-verona-902-02.jpg'),
('MFTCCA702.N12','tu-ke-tivi-van-go-soi-moho-verona-902-03.jpg'),
('MFTCCA702.N12','tu-ke-tivi-van-go-soi-moho-verona-902-04.jpg'),
('MFTCCA702.N12','tu-ke-tivi-van-go-soi-moho-verona-902-05.jpg'),
('MFTCCA702.N12','tu-ke-tivi-van-go-soi-moho-verona-902-06.jpg'),
('MFTCCA702.N12','tu-ke-tivi-van-go-soi-moho-verona-902-07.jpg'),
('MFTCCA702.N12','tu-ke-tivi-van-go-soi-moho-verona-902-08.jpg'),
('MFTCCA702.N16','ban-sofa-ban-cafe-ban-tra-moho-milan-90106.jpg'),
('MFTCCA702.N16','tu-ke-tivi-go-soi-moho-milan-902-01.jpg'),
('MFTCCA702.N16','tu-ke-tivi-go-soi-moho-milan-902-02.jpg'),
('MFTCCA901.B16','tu-ke-tivi-go-tram-moho-vline-601-mau-nau-fix-01.jpg'),
('MFTCCA901.B16','tu-ke-tivi-go-tram-moho-vline-601-mau-nau-fix-02.jpg'),
('MFTCCA901.B16','tu-ke-tivi-go-tram-moho-vline-601-mau-nau-fix-03.jpg'),
('MFTCCA901.B16','tu-ke-tivi-go-tram-moho-vline-601-mau-nau-fix-04.jpg'),
('MFTCCA901.B16','tu-ke-tivi-go-tram-moho-vline-601-mau-nau-fix-05.jpg'),
('MFTCCA901.B16','tu-ke-tivi-van-go-tram-moho-vline-601-mau-nau-06.png'),
('MFTCCA901.B16','tu-ke-tivi-van-go-tram-moho-vline-601-mau-nau-07.png'),
('MFTCCA901.B16','tu-ke-tivi-van-go-tram-moho-vline-601-mau-nau-08.png'),
('MFTCCA901.N16','tu-ke-tivi-van-go-soi-moho-vline-601-mau-go-tu-nhien-01.png'),
('MFTCCA901.N16','tu-ke-tivi-van-go-soi-moho-vline-601-mau-go-tu-nhien-02.png'),
('MFTCCA901.N16','tu-ke-tivi-van-go-soi-moho-vline-601-mau-go-tu-nhien-03.png'),
('MFTCCA901.N16','tu-ke-tivi-van-go-soi-moho-vline-601-mau-go-tu-nhien-04.png'),
('MFTCCA901.N16','tu-ke-tivi-van-go-soi-moho-vline-601-mau-go-tu-nhien-05.png'),
('MFTCCA901.N16','tu-ke-tivi-van-go-soi-moho-vline-601-mau-go-tu-nhien-06.png'),
('MFWRBJN01.1205','tu-quan-ao-treo-vienna-201-mau-go-01.png'),
('MFWRBJN01.1205','tu-quan-ao-treo-vienna-201-mau-go-02.png'),
('MFWRBJN01.1205','tu-quan-ao-treo-vienna-201-mau-go-03.png'),
('MFWRBJN02.1205','tu-quan-ao-ke-ngan-vienna-201-01.png'),
('MFWRBJN02.1205','tu-quan-ao-ke-ngan-vienna-201-02.jpg'),
('MFWRBJN02.1205','tu-quan-ao-treo-vienna-201-mau-go-03.png'),
('MFWRBJN03.1210','tu-quan-ao-treo-vienna-moho-2020-00.jpg'),
('MFWRBJN03.1210','tu-quan-ao-vienna-201-mau-go-02.jpg'),
('MFWRCA504.W05','tu-quan-ao-go-ke-ngan-moho-vienna-201-trang-01.png'),
('MFWRCA504.W05','tu-quan-ao-go-ke-ngan-moho-vienna-201-trang-02.png'),
('MFWRCA504.W05','tu-quan-ao-go-ke-ngan-moho-vienna-201-trang-05.png'),
('MFWRCA505.W05','tu-quan-ao-go-thanh-treo-moho-vienna-201-mau-trang-01.png'),
('MFWRCA505.W05','tu-quan-ao-go-thanh-treo-moho-vienna-201-mau-trang-03.png'),
('MFWRCA505.W05','tu-quan-ao-go-thanh-treo-moho-vienna-201-mau-trang-04.png'),
('MFWRCA506.W10','tu-quan-ao-go-moho-vienna-201-mau-trang-01.png'),
('MFWRCA506.W10','tu-quan-ao-go-moho-vienna-201-mau-trang-04.png'),
('MFWRCA506.W10','tu-quan-ao-go-moho-vienna-201-mau-trang-05.png'),
('MFWRCA507.M05','tu-quan-ao-go-2-mau-ke-ngan-moho-vienna-201-go-phoi-01.png'),
('MFWRCA507.M05','tu-quan-ao-go-2-mau-ke-ngan-moho-vienna-201-go-phoi-03.png'),
('MFWRCA507.M05','tu-quan-ao-go-2-mau-ke-ngan-moho-vienna-201-go-phoi-04.png'),
('MFWRCA508.M05','tu-quan-ao-go-2-mau-thanh-treo-moho-vienna-201-mau-go-phoi-trang-03-1.png'),
('MFWRCA508.M05','tu-quan-ao-go-2-mau-thanh-treo-moho-vienna-201-mau-go-phoi-trang-04-1.png'),
('MFWRCA508.M05','Tủ-Quần-Áo-Gỗ-2-Màu-Thanh-Treo-MOHO-VIENNA-20101-2.png'),
('MFWRCA509.M10','tu-quan-ao-go-2-mau-moho-vienna-201-go-phoi-trang01.png'),
('MFWRCA509.M10','tu-quan-ao-go-2-mau-moho-vienna-201-go-phoi-trang03.png'),
('MFWRCA509.M10','tu-quan-ao-go-2-mau-moho-vienna-201-go-phoi-trang07.png'),
('MFWRCA702.G10','tu-quan-ao-moho-boston-902-01.jpg'),
('MFWRCA702.G10','tu-quan-ao-moho-boston-902-02.jpg'),
('MFWRCA801.N14','tu-quan-ao-go-3-canh-moho-milan-901-01.jpg'),
('MFWRCA801.N14','tu-quan-ao-go-3-canh-moho-milan-901-02.jpg'),
('MFWRCA801.N14','tu-quan-ao-go-3-canh-moho-milan-901-03.jpg'),
('MFWRCA801.N14','tu-quan-ao-go-3-canh-moho-milan-901-04.png'),
('SET2TUQUANAO(01)','set-tu-quan-ao-vienna-3-canh-treo-01.png'),
('SET2TUQUANAO(01)','tu-quan-ao-go-2-mau-moho-vienna-201-go-phoi-trang04.png'),
('SET2TUQUANAO(01)','tu-quan-ao-treo-vienna-moho-2020-00.jpg'),
('SET2TUQUANAO(01)-1','set-tu-quan-ao-moho-vienna-3-canh-ke-ngan-01.jpg'),
('SET2TUQUANAO(01)-1','tu-quan-ao-2canh-vienna-moho-20203.jpg'),
('SET2TUQUANAO(01)-1','tu-quan-ao-ke-ngan-vienna-201-02.jpg'),
('SET2TUQUANAO(01)-1-1','set-tu-quan-ao-moho-vienna-2-canh-ngan-treo-01.jpg'),
('SET2TUQUANAO(01)-1-1','tu-quan-ao-ke-ngan-vienna-201-02.jpg'),
('SET2TUQUANAO(01)-1-1','tu-quan-ao-treo-vienna-moho-2020-00.jpg'),
('SET2TUQUANAO(01)-1-1-1','set-tu-quan-ao-moho-vienna-2-canh-ngan-treo-trang-01.png'),
('SET2TUQUANAO(01)-1-1-1','tu-quan-ao-go-moho-vienna-201-mau-trang-05.png'),
('SET2TUQUANAO(01)-1-1-1','tu-quan-ao-go-thanh-treo-moho-vienna-201-mau-trang-05.png'),
('SET2TUQUANAO(01)-1-1-1-1','set-tu-quan-ao-2-mau-moho-vienna-2-canh-ngan-treo-01.png'),
('SET2TUQUANAO(01)-1-1-1-1','tu-quan-ao-go-2-mau-ke-ngan-moho-vienna-201-go-phoi-04.png'),
('SET2TUQUANAO(01)-1-1-1-1','tu-quan-ao-go-2-mau-thanh-treo-moho-vienna-201-mau-go-phoi-trang-04-1.png'),
('SET2TUQUANAO(01)-1-2','set-tu-quan-ao-moho-vienna-3-canh-ke-ngan-trang-01.png'),
('SET2TUQUANAO(01)-1-2','tu-quan-ao-go-moho-vienna-201-mau-trang-04.png'),
('SET2TUQUANAO(01)-1-2','tu-quan-ao-go-thanh-treo-moho-vienna-201-mau-trang-05.png'),
('SET2TUQUANAO(01)-1-3','set-tu-quan-ao-2-mau-moho-vienna-3-canh-ke-ngan-phoi-go-01.png'),
('SET2TUQUANAO(01)-1-3','set-tu-quan-ao-2-mau-moho-vienna-3-canh-thanh-treo-02.png'),
('SET2TUQUANAO(01)-1-3','tu-quan-ao-go-2-mau-ke-ngan-moho-vienna-201-go-phoi-04.png'),
('SET2TUQUANAO(01)-2','set-tu-quan-ao-moho-vienna-3-canh-thanh-treo-trang-01.png'),
('SET2TUQUANAO(01)-2','tu-quan-ao-go-moho-vienna-201-mau-trang-04.png'),
('SET2TUQUANAO(01)-2','tu-quan-ao-go-moho-vienna-201-mau-trang-05.png'),
('SET2TUQUANAO(01)-3','set-tu-quan-ao-2-mau-moho-vienna-3-canh-thanh-treo-01.png'),
('SET2TUQUANAO(01)-3','set-tu-quan-ao-2-mau-moho-vienna-3-canh-thanh-treo-02.png'),
('SET2TUQUANAO(01)-3','tu-quan-ao-go-2-mau-thanh-treo-moho-vienna-201-mau-go-phoi-trang-04-1.png'),
('SET3TUQUANAO','201105_VIENNA_BEDROOM_NAT-OP14-500.png'),
('SET3TUQUANAO','set-tu-quan-ao-vienna-4-canh-mau-go-01.jpg'),
('SET3TUQUANAO','set-tu-quan-ao-vienna-4-canh-mau-go-02.jpg'),
('SET3TUQUANAO-1','set-tu-quan-ao-moho-vienna-4-canh-mau-trang-01.png'),
('SET3TUQUANAO-1','tu-quan-ao-go-moho-vienna-201-mau-trang-04.png'),
('SET3TUQUANAO-1','tu-quan-ao-go-moho-vienna-201-mau-trang-05.png'),
('SET3TUQUANAO-2','set-tu-quan-ao-2-mau-moho-vienna-4-canh-go-phoi-trang-01.png'),
('SET3TUQUANAO-2','tu-quan-ao-go-2-mau-ke-ngan-moho-vienna-201-go-phoi-04.png'),
('SET3TUQUANAO-2','tu-quan-ao-go-2-mau-thanh-treo-moho-vienna-201-mau-go-phoi-trang-04-1.png'),
('SETMDFDTCA701.B16.01','bo-ban-an-4-ghe-go-cao-su-tu-nhien-moho-vline-601-mau-nau-01.png'),
('SETMDFDTCA701.B16.01','bo-ban-an-4-ghe-go-cao-su-tu-nhien-moho-vline-601-mau-nau-02.png'),
('SETMDFDTCA701.B16.01','bo-ban-an-4-ghe-go-cao-su-tu-nhien-moho-vline-601-mau-nau-04.png'),
('SETMDFDTCA701.B16.03','bo-ban-ghe-an-4-cho-go-cao-su-tu-nhien-moho-vline-601-maunau-bang-tua-01.png'),
('SETMDFDTCA701.B16.03','bo-ban-ghe-an-4-cho-go-cao-su-tu-nhien-moho-vline-601-maunau-bang-tua-02.png'),
('SETMDFDTCA701.B16.03','bo-ban-ghe-an-4-cho-go-cao-su-tu-nhien-moho-vline-601-maunau-bang-tua-03.png'),
('SETMDFDTCA701.B16.04','bo-ban-an-go-cao-su-tu-nhien-vline-601-mau-go-nau-ghe-bang-dai-01.jpg'),
('SETMDFDTCA701.B16.04','bo-ban-an-go-cao-su-tu-nhien-vline-601-mau-go-nau-ghe-bang-dai-02.jpg'),
('SETMDFDTCA701.B16.04','bo-ban-an-go-cao-su-tu-nhien-vline-601-mau-go-nau-ghe-bang-dai-06.jpg'),
('SETMDFDTCA701.B16.07','bo-ban-an-2-ghe-go-cao-su-tu-nhien-moho-vline-601-mau-nau-900-01.jpg'),
('SETMDFDTCA701.B16.07','bo-ban-an-4-ghe-go-cao-su-tu-nhien-moho-vline-601-mau-nau-04.png'),
('SETMDFDTCA701.N16.01','ban-an-go-cao-su-tu-nhien-vline-601-mau-go-tu-nhien-moi-03.jpg'),
('SETMDFDTCA701.N16.01','bo-ban-an-go-4-ghe-cao-su-tu-nhien-vline-601-mau-go-01.png'),
('SETMDFDTCA701.N16.01','bo-ban-an-go-4-ghe-cao-su-tu-nhien-vline-601-mau-go-02.png'),
('SETMDFDTCA701.N16.03','ban-an-go-cao-su-tu-nhien-vline-601-mau-go-tu-nhien-moi-03.jpg'),
('SETMDFDTCA701.N16.03','bo-ban-ghe-an-go-4-cho-cao-su-tu-nhien-vline-601-mau-go-bang-tua-01.png'),
('SETMDFDTCA701.N16.03','bo-ban-ghe-an-go-4-cho-cao-su-tu-nhien-vline-601-mau-go-bang-tua-03.png'),
('SETMDFDTCA701.N16.04','ban-an-go-cao-su-tu-nhien-vline-601-mau-go-tu-nhien-moi-01.jpg'),
('SETMDFDTCA701.N16.04','ban-an-go-cao-su-tu-nhien-vline-601-mau-go-tu-nhien-moi-02.jpg'),
('SETMDFDTCA701.N16.04','ban-an-go-cao-su-tu-nhien-vline-601-mau-go-tu-nhien-moi-03.jpg'),
('SETMDFDTCA701.N16.07','ban-an-go-cao-su-tu-nhien-vline-601-mau-go-tu-nhien03.png'),
('SETMDFDTCA701.N16.07','ban-an-go-cao-su-tu-nhien-vline-601-mau-go-tu-nhien04.png'),
('SETMDFDTCA701.N16.07','bo-ban-an-2-ghe-go-cao-su-tu-nhien-moho-vline-601-mau-go-900-01.jpg'),
('SETMFDTBJN01.1014','bo-ban-an-4-go-cao-su-moho-oslo-601-02.png'),
('SETMFDTBJN01.1014','bo-ban-an-4-go-cao-su-moho-oslo-601-03.png'),
('SETMFDTBJN01.1014','bo-ban-an-4-go-cao-su-moho-oslo-601-04.png'),
('SETMFDTCA601.W15.01','ban-an-go-soi-moho-boston-901-1m5-mau-trang-go-02.png'),
('SETMFDTCA601.W15.01','ban-an-go-soi-moho-boston-901-1m5-mau-trang-go-03.jpg'),
('SETMFDTCA601.W15.01','ban-an-go-soi-moho-boston-901-1m5-mau-trang-go-06.png'),
('SETMFDTCA601.W15.01','ban-an-go-soi-moho-boston-901-1m5-mau-trang-go-07.png'),
('SETMFDTCA601.W15.01','bo-ban-an-2-bang-ngoi-go-soi-moho-boston-901.jpg'),
('SETMFDTCA702.N16','ban-an-van-go-soi-milan-901-mau-go-tu-nhien-01.png'),
('SETMFDTCA702.N16','bo-ban-an-van-go-soi-4-ghe-milan-901-mau-go-tu-nhien-01.png'),
('SETMFDTCA702.N16','bo-ban-an-van-go-soi-4-ghe-milan-901-mau-go-tu-nhien-02.png'),
('SETMFDTCA801.N18.01','ban-an-van-go-soi-moho-verona-901-1m8-2.jpg'),
('SETMFDTCA801.N18.01','bo-ban-an-4-ghe-van-go-soi-tu-nhien-verona-901-01-1.jpg'),
('SETMFDTCA801.N18.01','ghe-an-go-cao-su-tu-nhien-moho-verona-601-02.jpg'),
('SETMFDTCA801.N18.02','ban-an-van-go-soi-moho-verona-901-1m8-2.jpg'),
('SETMFDTCA801.N18.02','bo-ban-an-6-ghe-van-go-soi-tu-nhien-verona-901-1.jpg'),
('SETMFDTCA801.N18.02','ghe-an-go-cao-su-tu-nhien-moho-verona-601-02.jpg'),
('STSAMCOLCHE01.0002','Tủ-ngăn-kéo-3-ngăn-Minimal-noi-that-moho01-scaled.jpg'),
('STSAMCOLCHE01.0002','Tủ-ngăn-kéo-3-ngăn-Minimal-noi-that-moho02-scaled.jpg'),
('STSAMCOLCHE01.0002','Tủ-ngăn-kéo-3-ngăn-Minimal-noi-that-moho04-scaled.jpg'),
('STSAMCOLCHE01.0003','Tủ-ngăn-kéo-4-ngăn-Minimal-No1-noi-that-moho01-1-scaled.jpg'),
('STSAMCOLCHE01.0003','Tủ-ngăn-kéo-4-ngăn-Minimal-No1-noi-that-moho02-1-scaled.jpg'),
('STSAMCOLCHE01.0003','Tủ-ngăn-kéo-4-ngăn-Minimal-No1-noi-that-moho03-1-scaled.jpg'),
('STSAMCOLCHE01.0003','Tủ-ngăn-kéo-4-ngăn-Minimal-No1-noi-that-moho04-1-scaled.jpg'),
('STSAMCOLCHE01.0003','Tủ-ngăn-kéo-4-ngăn-Minimal-No1-noi-that-moho05-1-scaled.jpg'),
('STSAMCOLCHE01.0004','Tủ-ngăn-kéo-3-ngăn-Minimal-noi-that-moho03-scaled.jpg'),
('STSAMCOLCHE01.0004','Tủ-ngăn-kéo-4-ngăn-noi-that-moho01-scaled.jpg'),
('STSAMCOLSHE01.0004','Tủ-Tivi-Minimal-No1-noi-that-moho01-1-scaled.jpg'),
('STSAMCOLSHE01.0004','Tủ-Tivi-Minimal-No1-noi-that-moho02-scaled.jpg'),
('STSAMCOLSHE01.0004','Tủ-Tivi-Minimal-No1-noi-that-moho03-scaled.jpg'),
('STSAMCOLSHE01.0004','Tủ-Tivi-Minimal-No1-noi-that-moho04-scaled.jpg'),
('STSAMCOLSHE01.0006','Tủ-Tivi-Minimal-No3-noi-that-moho01-2-scaled.jpg'),
('STSAMCOLSHE01.0006','Tủ-Tivi-Minimal-No3-noi-that-moho02-2-scaled.jpg'),
('STSAMCOLSHE01.0006','Tủ-Tivi-Minimal-No3-noi-that-moho03-2-scaled.jpg'),
('STSAMCOLSHE01.0006','Tủ-Tivi-Minimal-No3-noi-that-moho04-2-scaled.jpg'),
('STSAMCOLTAB01.0002','Bàn-coffee-chữ-nhật-Nordic-noi-that-moho01-scaled.jpg'),
('STSAMCOLTAB01.0002','Bàn-coffee-chữ-nhật-Nordic-noi-that-moho02-scaled.jpg'),
('STSAMCOLTAB01.0002','Bàn-coffee-chữ-nhật-Nordic-noi-that-moho03-scaled.jpg'),
('STSAMCOLTAB01.0002','Bàn-coffee-chữ-nhật-Nordic-noi-that-moho04-scaled.jpg'),
('STSAMCOLTAB01.0004','bst-tu-dau-giuong-minimal01.jpg'),
('STSAMCOLTAB01.0004','bst-tu-dau-giuong-minimal02.jpg'),
('STSAMCOLTAB01.0005','Bàn-coffee-vuông-Minimal-noi-that-moho01-1-scaled.jpg'),
('STSAMCOLTAB01.0005','Bàn-coffee-vuông-Minimal-noi-that-moho02-2-scaled.jpg'),
('STSAMCOLTAB01.0005','Bàn-coffee-vuông-Minimal-noi-that-moho03-2-scaled.jpg'),

('D1','p1.jpg'),
('D1','p2.jpg'),
('D1','p3.jpg'),

('D2','p4.jpeg'),
('D2','p5.jpg'),
('D2','p6.jpg'),

('D3','p7.jpg'),
('D3','p8.jpg'),
('D3','p9.jpg'),

('D4','p10.jpg'),
('D4','p11.jpg'),
('D4','p12.jpg'),

('D5','p13.jpg'),
('D5','p14.jpg'),
('D6','p15.jpg'),

('D7','p16.jpg'),
('D7','p17.jpg'),
('D7','p18.jpg'),

('D8','p19.jpg'),
('D8','p20.jpg'),
('D8','p21.jpg'),

('D9','p22.jpg'),
('D9','p23.jpg'),
('D9','p24.png'),

('D10','p25.jpg'),
('D10','p26.jpg'),
('D10','p27.jpg'),

('D11','p28.jpg'),
('D11','p29.jpg'),
('D11','p30.jpg')


INSERT INTO CHITIETTHIETKE(MATHIETKE,MASANPHAM,SOLUONG)
VALUES
('D1','LS625002R9',5),
('D1','MFBSCA602.N16',6),
('D1','MFDBCA501.W11',6),
('D1','MFDTCA702.N16',5),
('D1','MFSTCA604.N09',2),
('D1','MFWRCA507.M05',3),

('D2','LS625002R9',5),
('D2','MFBSCA602.N16',6),
('D2','MFDBCA501.W11',6),
('D2','MFDTCA702.N16',5),
('D2','MFSTCA604.N09',2),
('D2','MFWRCA507.M05',3),

('D3','SETMDFDTCA701.N16.04',3),
('D3','MFBSCA602.N16',2),
('D3','STSAMCOLCHE01.0003',7),
('D3','SETMDFDTCA701.B16.01',4),
('D3','MFWRCA505.W05',2),
('D3','MFWRCA507.M05',4),

('D4','LS625002R9',5),
('D4','MFWRCA509.M10',6),
('D4','MFDBCA501.W11',6),
('D4','SET2TUQUANAO(01)-1-2',5),
('D4','MFSTCA604.N09',2),
('D4','SETMDFDTCA701.B16.07',3),

('D5','STSAMCOLTAB01.0005',5),
('D5','SETMFDTCA601.W15.01',6),
('D5','SETMDFDTCA701.B16.04',6),
('D5','MFDTCA702.N16',5),
('D5','MFTCCA901.B16',2),
('D5','MFSTCA803.N06',3),

('D6','MFSTCA201.G10',5),
('D6','MFBSCA602.N16',6),
('D6','MFDBCA501.W11',6),
('D6','MFSHCA602.G07.N16',5),
('D6','MFSTCA604.N09',2),
('D6','MFWRCA507.M05',3),

('D7','LS625002R9',5),
('D7','MFBSCA602.N16',3),
('D7','MFDBCA501.W11',3),
('D7','MFDTCA702.N16',7),
('D7','MFSTCA604.N09',5),
('D7','MFWRCA507.M05',3),

('D8','MFDTCA601.W15',6),
('D8','MFBSCA602.N16',3),
('D8','MFDCCAD06.N05',2),
('D8','MFDTCA702.N16',6),
('D8','MFDTCA601.W15',5),
('D8','MFWRCA507.M05',3),

('D9','LS625002R9',5),
('D9','MFBSCA602.N16',10),
('D9','MFDBCA501.W11',9),
('D9','MFDTCA702.N16',1),
('D9','MFSTCA604.N09',2),
('D9','MFWRCA507.M05',3),

('D10','MFCDCA501.N08',2),
('D10','MFBSCA602.N16',5),
('D10','MFDBCA501.W11',7),
('D10','MFBNCA804.N16',2),
('D10','MFSTCA604.N09',2),
('D10','MFCDCA501.N08',3),

('D11','LS625002R9',5),
('D11','MFBSCA602.N16',6),
('D11','MFDBCA501.W11',6),
('D11','MFDTCA702.N16',5),
('D11','MFSTCA604.N09',2),
('D11','MFWRCA507.M05',3)

INSERT INTO DANHMUCTHIETKE(ID,LOAITHIETKE)
VALUES
('DT1','Nhà ở'),
('DT2','Khách sạn'),
('DT3','Nhà hàng'),
('DT4','Văn phòng')

INSERT INTO THIETKE(MATHIETKE,TENTHIETKE,LOAITHIETKE,MOTA)
VALUES
('D1','Green House','DT1','Bản thiết kế nhà đẹp là một công trình nhà ở mang những kiến trúc và những đặc trưng trong xây dựng sao cho thật vừa vặn với diện tích đất không nhiều trên phố, đảm bảo cuộc sống tiện ích cho gia đình gia chủ mà không kém phần thời thượng. Bản thiết kế nhà đẹp NP08 với những đường nét tuyệt vời đã tôn vinh được vẻ đẹp của phong cách nhà ở này.'),
('D2','Eco House','DT1',' Thiết kế nhà đẹp giản dị trong từng đường nét mang  phong thái nhẹ nhàng không kém phần hiện đại. Những mẫu thiết kế nhà đẹp mới nhất 2016 được các kiến trúc sư 902 Studio cho ra mắt mang lại không gian sống tiện nghi nhất cho gia chủ.'),
('D3','HollySaint','DT3','Thiết kế bàn ghế đơn giản nhưng vẫn rất thu hút, gần gũi. Màu sắc cùng hệ thống đèn treo, đèn chìm dày đặc khiến công trình như phát sáng lung linh thu hút thực khách.'),
('D4','Khách Sạn 01','DT2','Khách sạn như một biệt thự cổ điển còn gây sự chú ý cho người nhìn với điểm nhấn riêng biệt về màu sắc ở dưới tầng trệt với sắc màu vàng đất sang trọng. Đây được xem là nút thắt hoang hảo tôn lên sự hoàn mỹ của toàn bộ kiến trúc công trình, cũng thể hiện tài năng của các kiến trúc sư.'),
('D5','Khách Sạn 02','DT2','Là không gian nghỉ ngơi, thư giãn vì thế đòi hỏi bố trí công năng khách sạn phải đảm bảo sự công năng hiệu quả nhằm mang đến sự thư giãn thoải mái cho các khách hàng cũng như sự yên tĩnh riêng biệt đáp ứng được tiêu chuẩn thiết kế khách sạn 3 sao. Thấu hiểu điều này, các kiến trúc sư đã sáng tạo và tối ưu nhất công năng có thể.'),
('D6','OF1','DT4','Tông màu chính mà Trung Chính lựa chọn cho văn phòng làm việc của mình chính là các màu nhạt chiếm chủ đạo. Bên cạnh gạch ốp trần và gạch lát sàn nhà màu ngà voi nhàn nhạt, Trung Chính chọn màu sắc của các loại bàn làm việc là màu vàng nhạt. 

Còn những bức tường là sự kết hợp giữa màu xám và màu trắng. Như vậy sẽ tạo nên cảm giác lịch sự, sang trọng và ấm áp, dễ chịu. 

Và để tạo điểm nhấn, hơn nữa cũng là để không gây ảnh hưởng đến đôi mắt thì Trung Chính sử dụng các bộ ghế có màu đen. Nhờ vậy tạo thành cảm giác sang trọng và hiện đại. Ngoài ra, trên những bức tường sẽ là các tấm poster có màu sắc rực rỡ và hết sức nổi bật, ví dụ như màu xanh, màu vàng rực, màu đỏ hay màu cam năng động. '),
('D7','OF2','DT4','Ghế văn phòng theo kiểu chân quỳ hiện đại và tiện lợi. Các bộ ghế có kết cấu vững chắc, cùng phần dựa lưng tạo cảm giác dễ chịu khi ngồi. Những bộ ghế này mang đến cảm giác của sự chuyên nghiệp cho văn phòng hơn. 
Bàn làm việc là loại bàn gỗ công nghiệp màu trắng ngà, dễ dàng kết hợp với những đồ nội thất khác, tạo nên sự cân bằng nhưng không gây nhàm chán cho căn phòng. 
Tủ đựng đồ làm từ gỗ công nghiệp, được sắp xếp khéo léo. Nhờ vậy tạo cảm giác rộng rãi cho căn phòng hơn. '),
('D8','OF3','DT4','Các loại cây xanh và cỏ nhân tạo được sắp xếp rải rác trong văn phòng. Nhờ vậy tăng thêm sức sống cũng như sự thoải mái nhờ bầu không khí trong lành cho văn phòng làm việc. 
Những tấm poster mang tính sáng tạo và được thiết kế độc đáo, thể hiện sự cá tính, phong cách thời thượng như tính chất công việc của công ty. 
Các bức tường được thiết kế mô phỏng theo kiểu tường gạch vừa hoài cổ vừa hiện đại, trở thành những điểm nhấn cho văn phòng làm việc. '),
('D9','OF4','DT4','Nhìn tổng thể, thiết kế nội thất văn phòng của công ty LQH đã tạo được sự ấn tượng cho những vị khách ghé thăm. Trung Chính chỉ sử dụng những yếu tố đơn giản nhất, nhưng nhờ sự kết hợp hoàn hảo và khéo léo đã tạo nên một không gian mới mẻ, hết sức sáng tạo. Ngoài ra, còn đảm bảo tạo dựng môi trường làm việc dễ chịu, thoải mái cho các nhân viên trong công ty. '),
('D10','H1','DT1','Phòng khách với phong cách hiện đại có bố trí một bộ sofa màu kem thanh lịch, một chiếc bàn trà bằng kính đen đơn giản, nổi bật giữa căn phòng là chiếc ghế sofa đơn màu vàng, đây là yếu tố làm điểm nhấn, giúp căn phòng bớt nhàm chán và đơn điệu. Kệ tivi cũng được thiết kế đơn giản, bên cạnh đó sử dụng kệ với nhiều ô khác nhau, dù	ng để trang trí, bày biện những món đồ mà chủ nhà ưa thích. Các kiến trúc sư còn sử dụng quạt trần để làm mát đồng thời có thể sử dụng để trang trí, giúp căn phòng thêm đẹp và hiện đại hơn.'),
('D11','H2','DT1','Vẫn là phong cách thiết kế nội thất hiện đại quen thuộc, thế nhưng nội thất trong căn hộ của anh Huy không hề nhàm chán, tẻ nhạt một chút nào. Nhờ óc sáng tạo của các kiến trúc sư mà toàn bộ không gian đều được bố trí một cách hợp lý, đủ tiện nghi và đảm bảo tính thẩm mỹ cho căn hộ.')